package-name,nop,move,move/from16,move/16,move-wide,move-wide/from16,move-wide/16,move-object,move-object/from16,move-object/16,move-result,move-result-wide,move-result-object,move-exception,return-void,return,return-wide,return-object,const/4,const/16,const,const/high16,const-wide/16,const-wide/32,const-wide,const-wide/high16,const-string,const-string-jumbo,const-class,monitor-enter,monitor-exit,check-cast,instance-of,array-length,new-instance,new-array,filled-new-array,filled-new-array-range,fill-array-data,throw,goto,goto/16,goto/32,packed-switch,sparse-switch,cmpl-float,cmpg-float,cmpl-double,cmpg-double,cmp-long,if-eq,if-ne,if-lt,if-ge,if-gt,if-le,if-eqz,if-nez,if-ltz,if-gez,if-gtz,if-lez,unused_3E,unused_3F,unused_40,unused_41,unused_42,unused_43,aget,aget-wide,aget-object,aget-boolean,aget-byte,aget-char,aget-short,aput,aput-wide,aput-object,aput-boolean,aput-byte,aput-char,aput-short,iget,iget-wide,iget-object,iget-boolean,iget-byte,iget-char,iget-short,iput,iput-wide,iput-object,iput-boolean,iput-byte,iput-char,iput-short,sget,sget-wide,sget-object,sget-boolean,sget-byte,sget-char,sget-short,sput,sput-wide,sput-object,sput-boolean,sput-byte,sput-char,sput-short,invoke-virtual,invoke-super,invoke-direct,invoke-static,invoke-interface,unused_73,invoke-virtual/range,invoke-super/range,invoke-direct/range,invoke-static/range,invoke-interface-range,unused_79,unused_7A,neg-int,not-int,neg-long,not-long,neg-float,neg-double,int-to-long,int-to-float,int-to-double,long-to-int,long-to-float,long-to-double,float-to-int,float-to-long,float-to-double,double-to-int,double-to-long,double-to-float,int-to-byte,int-to-char,int-to-short,add-int,sub-int,mul-int,div-int,rem-int,and-int,or-int,xor-int,shl-int,shr-int,ushr-int,add-long,sub-long,mul-long,div-long,rem-long,and-long,or-long,xor-long,shl-long,shr-long,ushr-long,add-float,sub-float,mul-float,div-float,rem-float,add-double,sub-double,mul-double,div-double,rem-double,add-int/2addr,sub-int/2addr,mul-int/2addr,div-int/2addr,rem-int/2addr,and-int/2addr,or-int/2addr,xor-int/2addr,shl-int/2addr,shr-int/2addr,ushr-int/2addr,add-long/2addr,sub-long/2addr,mul-long/2addr,div-long/2addr,rem-long/2addr,and-long/2addr,or-long/2addr,xor-long/2addr,shl-long/2addr,shr-long/2addr,ushr-long/2addr,add-float/2addr,sub-float/2addr,mul-float/2addr,div-float/2addr,rem-float/2addr,add-double/2addr,sub-double/2addr,mul-double/2addr,div-double/2addr,rem-double/2addr,add-int/lit16,sub-int/lit16,mul-int/lit16,div-int/lit16,rem-int/lit16,and-int/lit16,or-int/lit16,xor-int/lit16,add-int/lit8,sub-int/lit8,mul-int/lit8,div-int/lit8,rem-int/lit8,and-int/lit8,or-int/lit8,xor-int/lit8,shl-int/lit8,shr-int/lit8,ushr-int/lit8,unused_E3,unused_E4,unused_E5,unused_E6,unused_E7,unused_E8,unused_E9,unused_EA,unused_EB,unused_EC,unused_ED,execute-inline,unused_EF,invoke-direct-empty,unused_F1,iget-quick,iget-wide-quick,iget-object-quick,iput-quick,iput-wide-quick,iput-object-quick,invoke-virtual-quick,invoke-virtual-quick/range,invoke-super-quick,invoke-super-quick/range,unused_FC,unused_FD,UNUSED_FE,UNUSED_FF,
com.clearvisions.explorer,348,8154,934,0,222,121,0,3833,3458,0,24633,2161,42581,3791,16191,5581,419,8543,24677,6271,1806,1132,1261,140,165,107,19301,0,406,836,1882,6081,819,1309,12823,2484,7,0,262,3267,17634,2747,0,391,272,392,182,25,26,893,1388,2355,803,2119,265,504,16717,7894,596,426,203,1102,0,0,0,0,0,0,982,50,932,63,742,111,3,1054,37,3409,22,531,40,8,31234,1188,74086,3080,62,35,45,15611,802,10641,2803,33,24,33,1531,169,6368,217,0,2,0,290,76,2663,152,0,2,0,69404,1737,21180,22617,9869,0,856,30,774,268,0,0,0,140,0,4,0,118,11,589,1095,31,206,42,99,370,3,191,58,9,79,429,30,19,369,612,31,13,11,33,46,49,27,7,2,32,107,9,20,15,4,5,7,9,7,13,101,192,59,100,4,14,19,33,19,0,2097,792,77,11,12,4753,1883,5440,27,3,2,356,168,67,34,25,128,49,21,60,16,14,491,315,622,250,6,45,23,86,68,0,70,0,19,13,1,697,46,0,4342,0,331,227,19,424,48,3023,512,117,346,0,0,0,0,0,0,0,0,0,0,0,0,0,0,0,0,0,0,0,0,0,0,0,0,0,0,0,0,0,0
com.vg.eurobusdriver3duphillsim,291,3909,1550,0,145,175,0,4164,4872,0,20498,1693,49178,5177,21252,5334,316,11519,24068,5805,1432,912,937,92,185,195,26000,0,1275,1173,2610,7767,868,1270,17334,1999,1,0,143,4765,16555,2049,0,390,187,203,80,81,56,434,841,1532,666,1452,177,341,15945,10269,287,243,168,872,0,0,0,0,0,0,552,50,707,2,395,15,1,520,27,3141,1,612,13,0,28079,939,77507,2661,0,19,0,14293,631,14876,2513,0,11,0,620,25,9581,1635,0,3,0,1591,23,3704,974,0,1,0,65454,1273,27241,28766,12682,0,824,14,742,365,0,0,0,33,0,4,0,29,4,277,698,198,96,28,41,275,6,92,90,9,46,327,28,5,241,307,41,12,2,21,25,0,9,0,0,60,115,20,12,11,7,6,6,5,1,18,56,88,97,118,2,4,18,8,39,0,1111,325,82,22,11,4623,1613,5332,3,0,0,136,108,63,34,15,52,19,21,20,0,15,147,76,393,178,3,58,38,140,96,0,51,0,39,17,1,470,26,0,2489,0,330,214,11,196,38,2996,319,51,288,0,0,0,0,0,0,0,0,0,0,0,0,0,0,0,0,0,0,0,0,0,0,0,0,0,0,0,0,0,0
com.mautilus.icflix,352,5352,4526,0,339,422,0,5538,10894,0,32037,3798,72464,5783,28330,9430,853,20903,35730,8472,1560,1055,1923,141,248,196,26640,0,1564,1370,2941,11085,2272,2531,22162,3208,4,0,297,6632,24299,2346,0,527,238,270,102,106,50,1136,1869,3457,959,2977,321,586,22669,12342,656,633,287,1280,0,0,0,0,0,0,863,141,1437,29,422,187,26,983,81,4455,14,260,78,5,9489,2001,56715,2949,14,69,25,5300,1171,17519,2637,22,44,23,2001,21,11135,565,0,1,0,192,21,4412,290,0,0,0,93557,2536,37225,34129,20339,0,3130,36,1418,923,0,0,0,76,0,7,0,36,8,739,772,90,285,40,80,317,7,122,66,19,61,246,56,33,705,750,87,41,24,129,58,11,38,2,5,77,179,26,24,7,22,9,10,9,35,41,151,186,163,157,4,40,49,83,42,0,1723,517,137,17,10,209,258,97,22,7,2,285,177,67,41,9,174,74,67,87,17,16,200,103,350,111,4,57,22,113,56,0,64,0,22,25,7,344,49,2,5244,0,548,219,35,442,110,54,237,163,111,0,0,0,0,0,0,0,0,0,0,0,0,0,0,0,0,0,0,0,0,0,0,0,0,0,0,0,0,0,0
org.shofwatuna.magazine.AOVIDBXMHBCQYFOP,9,147,2062,0,0,816,0,80,3225,0,3671,410,2458,94,790,293,23,333,1516,301,187,706,38,0,60,56,573,0,10,13,28,310,5,40,1189,102,0,0,13,14,574,281,0,6,2,98,62,27,28,4,64,168,94,23,4,12,709,368,71,58,51,59,0,0,0,0,0,0,43,0,158,31,1,2,0,61,0,67,42,2,1,0,1037,39,3759,86,0,0,12,256,43,921,172,0,0,6,485,0,1825,21,0,0,0,104,0,339,97,0,0,0,5891,38,1489,1585,192,0,1079,2,143,101,0,0,0,7,0,0,0,12,0,16,510,197,10,0,0,249,0,568,170,0,76,2,0,6,24,69,1,11,0,0,0,0,0,0,0,0,0,0,0,9,0,0,0,0,0,0,234,232,248,161,0,247,175,323,83,0,19,22,7,6,0,1,0,0,0,0,0,0,0,0,0,0,0,0,0,0,2,0,312,140,162,225,0,13,15,19,29,0,0,0,18,9,0,7,0,0,282,0,51,138,0,1,0,0,4,4,0,0,0,0,0,0,0,0,0,0,0,0,0,0,0,0,0,0,0,0,0,0,0,0,0,0,0,0,0,0,0
online.sketchwar.io,296,3758,1292,0,112,92,0,3853,3598,0,16002,1422,33594,3629,15063,4364,282,9178,19242,5225,245,490,573,68,115,70,15737,0,227,780,1788,5309,677,883,9969,1312,0,0,91,3329,12784,1848,0,394,300,156,56,29,18,318,821,954,474,1200,96,185,10858,4444,213,137,109,513,0,0,0,0,0,0,340,45,447,4,290,7,0,207,21,2221,1,283,10,0,26479,811,57839,1781,11,19,0,13477,476,7939,1560,7,11,0,406,8,4211,171,0,0,0,58,8,2258,82,0,0,0,48475,726,16468,23089,10878,0,763,11,667,255,0,0,0,28,0,2,0,12,2,97,380,24,56,17,20,198,5,41,10,4,23,299,6,2,194,233,20,6,1,18,15,0,7,0,0,21,62,10,2,8,1,0,6,1,1,12,56,78,62,84,2,4,11,6,15,0,877,161,36,8,3,4614,1579,5329,3,0,0,89,44,40,6,14,52,19,26,20,0,20,103,42,229,58,3,32,11,55,22,0,33,0,5,5,1,386,25,0,1638,0,220,67,6,131,31,2994,273,27,222,0,0,0,0,0,0,0,0,0,0,0,0,0,0,0,0,0,0,0,0,0,0,0,0,0,0,0,0,0,0
com.closecrowd.lokpixlite,41,698,32,0,4,0,0,190,106,0,1695,50,2604,313,1070,420,8,294,2012,309,511,156,32,1,3,0,1155,0,31,63,129,433,18,48,976,124,0,0,18,184,1197,317,0,51,19,63,15,0,0,15,104,194,59,177,12,56,1212,637,60,34,31,123,0,0,0,0,0,0,51,0,50,0,11,1,0,39,0,102,0,18,0,0,985,3,4481,449,5,0,0,572,5,1047,462,6,0,0,32,0,208,62,0,4,0,1,0,98,4,0,0,0,5246,163,1654,1552,329,0,59,1,17,12,0,0,0,12,0,0,0,2,0,12,152,0,10,1,0,97,0,4,1,0,4,18,0,0,30,75,5,0,0,0,3,0,2,0,0,2,2,3,1,0,0,0,0,0,0,0,8,22,4,14,0,0,0,0,0,0,83,65,2,1,0,27,21,3,2,0,0,8,1,0,1,0,0,0,0,0,0,0,59,25,74,25,0,0,0,3,0,0,2,0,1,3,0,19,0,0,324,0,6,14,3,30,13,4,10,8,2,0,0,0,0,0,0,0,0,0,0,0,0,0,0,0,0,0,0,0,0,0,0,0,0,0,0,0,0,0,0
com.piratemedia.handcarved,0,0,0,0,0,0,0,10,0,0,17,0,56,3,34,2,2,10,27,1,7,4,0,0,0,0,13,0,0,0,0,17,0,2,12,2,0,0,0,0,13,0,0,0,0,0,0,0,0,0,2,0,2,0,0,0,13,5,0,0,0,0,0,0,0,0,0,0,0,0,3,0,0,0,0,0,0,3,0,0,0,0,2,0,40,3,0,0,0,1,0,16,5,0,0,0,0,0,3,0,0,0,0,0,0,0,0,0,0,0,93,5,34,20,1,0,0,0,0,0,0,0,0,0,0,0,0,0,0,2,0,0,0,0,0,0,0,0,0,0,0,0,0,0,0,0,0,0,0,0,0,0,0,0,0,0,0,0,0,0,0,0,0,0,0,0,0,0,0,0,0,0,0,0,0,0,0,0,0,0,0,0,0,0,0,0,0,0,0,0,0,0,0,0,0,0,0,0,0,0,0,0,0,0,0,0,0,0,0,0,0,0,0,0,0,0,2,0,0,1,0,0,0,0,0,0,0,0,0,0,0,0,0,0,0,0,0,0,0,0,0,0,0,0,0,0,0,0,0,0,0,0,0,0,0,0,0
netroken.android.persistfree,470,7651,4705,0,384,474,0,6981,11374,0,42237,3709,85411,7749,35970,13091,910,27048,46758,14864,2009,1942,2173,188,413,270,38692,0,1683,1792,3956,13038,2480,3619,28042,9301,8,0,379,8930,32003,3122,0,602,337,388,159,107,80,1559,2534,4689,1295,3915,467,880,28253,15469,995,826,413,1713,0,0,0,0,0,0,1247,207,2114,125,647,284,52,1390,72,20980,42,430,149,13,36336,2092,100459,4319,88,133,38,18843,1344,21348,4004,98,68,23,2792,56,12251,482,1,3,1,207,47,5281,294,0,0,0,113849,3078,47101,44416,26681,0,2890,43,1508,872,0,0,0,201,0,20,0,60,9,808,1361,111,267,54,70,438,5,159,91,20,74,446,71,38,1190,1204,102,55,30,135,32,15,46,9,3,157,247,37,29,25,33,22,16,33,24,40,168,261,161,170,12,42,58,78,45,0,2548,890,124,39,26,4815,1852,5472,29,8,3,437,187,115,76,25,164,61,107,89,32,23,338,144,522,215,7,73,35,129,79,4,71,0,30,9,2,695,137,3,7363,0,674,423,51,836,310,3055,403,111,359,0,0,0,0,0,0,0,0,0,0,0,0,0,0,0,0,0,0,0,0,0,0,0,0,0,0,0,0,0,0
com.free.appcontactsearch,250,2937,478,0,76,54,0,2566,1681,0,10859,900,23611,2953,9751,3114,249,6786,15115,4123,319,214,356,47,30,26,12020,0,139,411,904,3416,537,657,7317,1129,0,0,16,2967,9005,1426,0,325,294,44,21,21,28,247,652,577,158,899,62,94,6935,2711,138,75,85,350,0,0,0,0,0,0,107,13,349,1,280,1,0,106,9,2162,0,267,9,0,25226,745,48983,1018,0,0,6,12986,414,5535,898,0,0,3,196,16,3451,87,0,0,0,8,8,1632,18,0,0,0,36816,455,11381,16790,7928,0,422,6,344,124,0,0,0,8,0,2,0,2,0,57,172,12,39,2,13,83,2,16,3,7,4,268,5,2,90,90,2,2,1,3,6,0,9,0,0,1,13,6,1,4,0,0,0,1,8,7,22,21,17,22,8,0,3,0,1,0,545,87,13,2,0,4566,1547,5319,0,0,0,33,25,13,1,12,22,9,17,9,0,11,48,13,55,25,2,14,5,10,9,4,28,0,6,3,3,368,2,0,924,0,175,54,6,52,23,2990,222,8,202,0,0,0,0,0,0,0,0,0,0,0,0,0,0,0,0,0,0,0,0,0,0,0,0,0,0,0,0,0,0
com.atlogis.spain,423,8264,975,0,463,373,0,4292,5790,0,23521,4097,40171,3896,18704,6030,472,8898,25076,4852,655,1301,1361,74,1268,837,17092,0,560,901,2021,6680,930,1132,12163,1937,2,0,238,2982,17962,2598,0,544,300,444,174,283,338,566,1331,1950,855,2005,221,462,17773,7658,569,556,272,1253,0,0,0,0,0,0,837,257,820,8,316,11,3,662,134,2082,10,291,11,0,32725,2768,79982,3409,0,36,0,15931,1839,11630,3090,0,26,0,3804,20,4485,225,0,0,0,99,16,1914,108,0,0,0,69517,2218,21304,23705,10138,0,1209,45,924,569,0,0,0,210,0,2,0,97,98,292,1604,175,127,34,52,418,4,317,126,16,152,314,14,0,336,627,34,21,13,35,15,1,15,1,0,36,108,7,18,11,2,3,7,6,2,21,78,226,69,107,2,137,260,446,266,5,1690,758,143,25,5,4677,1711,5336,17,1,0,158,87,53,20,19,83,43,21,43,0,9,454,257,560,236,13,471,394,1211,325,8,34,0,17,8,2,412,27,0,3310,0,263,216,25,354,58,3017,304,118,234,0,0,0,0,0,0,0,0,0,0,0,0,0,0,0,0,0,0,0,0,0,0,0,0,0,0,0,0,0,0
com.icon.pln123,208,3181,1697,0,140,103,0,2053,3593,0,15016,1811,35593,2807,10453,3858,354,6838,16614,6033,371,737,1077,80,643,1021,21596,0,344,501,1120,7529,609,935,9718,1665,0,0,80,3260,10031,1694,0,232,170,156,73,92,46,608,662,1197,741,1191,123,458,8816,4721,379,273,150,708,0,0,0,0,0,0,398,43,701,4,198,53,1,564,32,2408,8,1407,24,0,4063,690,27402,1451,2,31,1,2133,371,7015,1238,2,17,2,750,24,9635,285,0,0,0,186,13,2150,250,0,0,0,54738,1057,14066,17642,6366,0,1169,7,407,406,0,0,0,38,0,7,0,20,5,418,437,1159,139,12,23,231,3,627,1212,5,57,124,11,10,275,350,19,8,2,28,41,1,14,1,3,36,85,7,9,9,3,17,0,8,10,18,66,105,125,87,10,19,18,21,31,0,1115,298,45,4,5,89,131,20,5,0,1,126,127,13,14,4,99,57,6,35,1,7,145,83,322,58,5,233,673,1325,139,4,43,0,14,4,0,236,49,0,2745,0,234,169,26,229,36,27,157,94,74,0,0,0,0,0,0,0,0,0,0,0,0,0,0,0,0,0,0,0,0,0,0,0,0,0,0,0,0,0,0
com.aqua.apps.sher.shayari.collection,37,534,106,0,7,27,0,432,434,0,1554,75,3579,717,1511,376,14,591,2309,920,133,75,93,35,5,4,2153,0,51,189,425,544,78,81,1232,160,0,0,3,515,1546,251,0,28,30,23,10,1,0,42,121,126,79,128,12,29,1160,554,22,14,17,46,0,0,0,0,0,0,14,0,94,0,277,0,0,49,0,260,0,266,0,0,22858,93,36769,224,0,0,0,11376,59,1020,226,0,0,0,80,3,481,7,0,0,0,17,2,188,13,0,0,0,5832,88,1935,2455,861,0,80,0,66,21,0,0,0,3,0,0,0,1,0,11,97,2,6,1,0,40,1,6,0,3,2,200,0,0,14,33,2,0,1,8,3,0,1,0,0,0,3,2,0,3,0,0,0,0,0,0,7,11,3,13,0,0,0,0,0,0,50,33,9,0,0,4429,1523,5319,0,0,0,13,15,6,0,12,1,0,0,0,0,1,33,15,47,23,0,0,0,4,2,0,2,0,1,1,1,411,2,0,191,0,2,10,2,15,5,2978,204,69,135,0,0,0,0,0,0,0,0,0,0,0,0,0,0,0,0,0,0,0,0,0,0,0,0,0,0,0,0,0,0
com.nom.obdiicodesdemo,95,1316,294,0,36,64,0,1267,1647,0,4466,489,11903,1627,4370,991,69,2359,6239,1725,111,81,234,31,31,21,5679,0,83,458,1041,1594,231,313,3396,396,0,0,12,1291,4505,656,0,101,92,10,6,6,5,131,224,317,138,385,32,77,4369,1753,91,54,26,153,0,0,0,0,0,0,170,24,194,0,282,1,0,84,11,449,0,279,0,0,23869,324,44507,862,0,0,0,11860,180,3353,695,0,0,0,125,8,946,86,0,0,0,32,7,555,30,0,0,0,16918,304,5251,7440,3562,0,169,5,251,71,0,0,0,3,0,1,0,1,2,58,42,5,26,2,3,17,1,14,3,3,9,294,3,0,28,24,2,1,1,2,0,0,4,0,0,16,29,6,0,5,1,0,6,1,1,12,0,5,4,7,0,0,0,0,0,0,386,39,19,6,2,4566,1547,5323,0,0,0,59,25,28,4,14,28,19,14,19,0,6,26,3,49,16,0,0,1,4,5,0,13,0,1,2,0,356,22,0,725,0,76,17,1,56,2,2984,249,16,216,0,0,0,0,0,0,0,0,0,0,0,0,0,0,0,0,0,0,0,0,0,0,0,0,0,0,0,0,0,0
com.ufo.workout,176,4584,680,0,68,91,0,2297,2406,0,12577,719,19473,2064,9255,3066,99,4044,12825,2524,505,579,344,39,64,42,7644,0,181,566,1313,3307,513,441,5704,773,0,0,113,1682,9278,1108,0,193,156,178,55,11,8,173,794,1195,461,1015,116,232,9628,3960,295,167,78,492,0,0,0,0,0,0,488,27,314,1,283,6,0,353,14,570,1,280,0,0,27561,402,56728,1931,0,16,0,13547,253,5969,1692,0,13,0,916,11,1793,124,0,0,0,40,8,1015,63,0,0,0,33643,965,9907,11337,5588,0,433,19,374,141,0,0,0,117,0,1,0,55,7,92,468,6,33,12,7,225,2,103,26,3,35,296,3,0,159,381,15,9,6,14,6,1,10,0,0,20,41,6,2,5,2,3,7,5,1,12,42,76,29,51,0,13,16,30,11,0,1138,527,43,10,4,4620,1635,5331,6,0,0,76,31,29,3,14,43,23,18,24,0,9,198,88,242,97,3,24,13,50,9,0,15,0,3,3,0,384,24,0,1733,0,112,95,7,246,26,2999,262,25,219,0,0,0,0,0,0,0,0,0,0,0,0,0,0,0,0,0,0,0,0,0,0,0,0,0,0,0,0,0,0
com.llamalab.automate.ext.superuser,0,0,0,0,0,0,0,0,0,0,0,0,0,0,9,0,0,0,0,0,0,0,0,0,0,0,0,0,0,0,0,0,0,0,0,0,0,0,0,0,0,0,0,0,0,0,0,0,0,0,0,0,0,0,0,0,0,0,0,0,0,0,0,0,0,0,0,0,0,0,0,0,0,0,0,0,0,0,0,0,0,0,0,0,0,0,0,0,0,0,0,0,0,0,0,0,0,0,0,0,0,0,0,0,0,0,0,0,0,0,0,0,9,0,0,0,0,0,0,0,0,0,0,0,0,0,0,0,0,0,0,0,0,0,0,0,0,0,0,0,0,0,0,0,0,0,0,0,0,0,0,0,0,0,0,0,0,0,0,0,0,0,0,0,0,0,0,0,0,0,0,0,0,0,0,0,0,0,0,0,0,0,0,0,0,0,0,0,0,0,0,0,0,0,0,0,0,0,0,0,0,0,0,0,0,0,0,0,0,0,0,0,0,0,0,0,0,0,0,0,0,0,0,0,0,0,0,0,0,0,0,0,0,0,0,0,0,0,0,0,0,0,0,0,0,0,0,0,0,0,0,0,0,0,0,0,0
com.microsoft.msra.followus.app,284,3961,4382,0,222,320,0,4118,10844,0,26021,2774,53273,3140,19078,7908,724,15100,26057,6645,1443,1144,803,112,204,119,13735,0,1178,638,1349,8077,1480,1494,15350,2353,4,0,294,4206,18277,1728,0,354,169,340,110,35,21,680,2027,3449,856,2517,411,601,16657,8644,714,484,244,1054,0,0,0,0,0,0,1025,72,1528,14,226,63,1,991,52,2844,38,209,21,0,9747,770,40271,2397,19,66,0,4981,459,11562,2309,3,35,0,1653,55,7895,234,0,13,0,67,28,2476,111,0,0,0,71591,1739,26547,20552,13295,0,2366,48,922,872,0,0,0,205,0,17,0,64,14,464,855,36,137,38,23,321,4,194,47,4,90,127,45,5,894,1115,52,40,12,95,38,18,21,0,2,56,180,9,35,15,10,10,9,10,5,28,175,225,122,180,4,37,41,84,40,2,1178,624,45,28,10,112,194,84,12,1,1,169,77,96,43,14,46,14,27,18,11,5,239,117,341,111,4,43,14,78,31,0,44,0,11,11,15,169,19,2,5986,0,339,201,40,455,73,113,191,116,68,0,0,0,0,0,0,0,0,0,0,0,0,0,0,0,0,0,0,0,0,0,0,0,0,0,0,0,0,0,0
cruzi.android,1,0,1,0,0,0,0,26,72,0,149,0,835,69,157,23,0,80,367,38,45,8,3,0,0,0,626,0,11,1,2,36,0,8,215,31,0,0,0,37,111,4,0,1,0,0,0,0,0,0,0,15,13,4,0,9,79,48,0,0,1,17,0,0,0,0,0,0,0,0,14,0,0,0,0,6,0,114,0,0,0,0,7,0,274,0,0,0,0,10,0,116,0,0,0,0,0,0,91,0,0,0,0,0,0,18,0,0,0,0,917,49,283,277,286,0,20,5,10,4,0,0,0,0,0,0,0,0,0,0,0,0,0,0,0,0,0,0,0,0,0,0,2,0,2,0,0,0,0,0,0,0,0,0,0,0,0,0,0,0,0,0,0,0,0,0,0,0,0,0,0,0,0,0,0,0,0,0,0,0,0,0,0,0,0,0,0,0,0,0,0,0,0,0,0,0,0,0,0,0,0,0,0,0,0,0,0,0,0,0,0,0,0,0,0,0,27,0,0,0,0,0,0,0,0,0,0,0,0,0,0,0,0,0,0,0,0,0,0,0,0,0,0,0,0,0,0,0,0,0,0,0,0,0,0,0,0
com.andromo.dev447662.app428541,229,3521,289,0,47,37,0,1567,1181,0,9625,552,17611,2181,7740,2385,122,3937,12120,3327,290,421,269,36,27,38,8796,0,173,315,689,2765,403,567,5640,806,0,0,45,2178,7672,1331,0,253,172,148,68,28,16,154,599,674,183,871,60,110,7165,2649,202,111,97,400,0,0,0,0,0,0,124,2,308,1,271,5,0,140,0,1447,0,266,0,0,25653,446,48073,1178,0,10,5,12958,299,4167,1054,0,10,2,306,17,2854,133,0,0,0,117,11,1412,46,0,0,0,31055,714,9058,11951,5723,0,265,8,213,92,0,0,0,27,0,1,0,9,0,46,344,30,30,9,10,151,1,33,14,5,7,266,2,2,80,199,18,11,4,3,4,0,11,0,0,2,23,4,1,0,1,3,0,1,1,6,11,76,14,43,8,0,1,2,1,0,601,193,19,12,2,4610,1578,5316,7,0,0,28,29,9,2,2,15,3,15,2,0,10,101,51,149,75,1,12,9,17,10,2,19,0,5,1,3,362,4,0,1099,0,127,77,3,162,30,2990,247,15,200,0,0,0,0,0,0,0,0,0,0,0,0,0,0,0,0,0,0,0,0,0,0,0,0,0,0,0,0,0,0
com.green.banana.photoedit.collagephoto,200,4342,516,0,78,82,0,1953,2166,0,11573,695,18208,2188,8414,2160,111,3101,13586,3449,921,1197,569,69,125,503,8630,0,305,476,1075,3035,472,416,7544,1108,0,0,154,1702,8252,1784,0,237,133,333,161,21,22,246,724,1107,555,833,100,241,8104,3795,339,256,169,578,0,0,0,0,0,0,397,14,485,4,285,6,0,469,9,1597,3,276,16,0,28610,561,54637,1601,1,17,0,14484,377,5701,1538,1,17,0,1640,9,3214,108,0,0,0,126,6,1446,46,0,0,0,31895,1233,12054,11777,5569,0,545,22,490,161,0,0,0,97,0,0,0,44,0,125,1136,30,39,19,7,411,1,151,31,4,65,299,7,1,157,437,15,24,4,17,6,3,14,0,0,10,45,7,3,3,1,3,0,0,0,10,46,265,84,130,6,0,8,2,8,0,843,489,53,28,1,4662,1597,5328,5,0,0,61,57,22,6,12,34,20,5,20,0,4,418,374,676,374,2,29,26,90,17,2,33,0,5,11,2,386,20,0,1569,0,137,245,4,157,20,2997,297,36,223,0,0,0,0,0,0,0,0,0,0,0,0,0,0,0,0,0,0,0,0,0,0,0,0,0,0,0,0,0,0
com.vg.franticfrigate,238,2896,326,0,100,40,0,2849,2273,0,11174,894,30148,3158,9675,2898,269,7800,14482,5497,492,233,487,60,42,50,12583,0,753,411,860,3745,716,1127,8762,1081,0,0,23,3094,10689,1486,0,353,159,26,19,25,29,290,843,1457,548,1032,146,278,7939,3990,131,164,90,445,0,0,0,0,0,0,279,10,675,118,646,161,1,540,7,1569,118,1370,181,2,25660,585,51645,749,2,28,6,13252,380,6153,841,4,13,3,172,27,5630,132,0,0,0,318,14,1785,57,0,0,0,43049,461,13312,13943,7236,0,679,5,492,150,0,0,0,23,0,9,0,8,0,137,98,30,80,3,20,47,1,14,7,12,13,446,63,8,141,134,3,6,2,16,70,2,3,1,0,8,29,5,3,0,1,1,2,5,4,10,3,1,5,8,3,0,3,3,5,0,576,100,8,2,1,4588,1613,5337,5,3,0,66,49,16,2,0,55,27,21,25,5,15,11,2,48,16,1,18,5,11,17,4,19,0,17,10,1,590,82,0,2087,0,174,34,9,279,23,2984,390,195,316,0,0,0,0,0,0,0,0,0,0,0,0,0,0,0,0,0,0,0,0,0,0,0,0,0,0,0,0,0,0
com.gamegarden.fd,302,4551,2485,0,115,193,0,4377,6083,0,22232,1597,45928,4157,20368,5876,310,11379,26514,7089,555,875,725,68,125,91,21603,0,721,885,1960,6598,1137,1177,14007,2884,0,0,894,3737,17020,2356,0,455,306,243,73,29,17,364,1248,1820,634,1685,125,271,16252,7140,277,212,130,744,0,0,0,0,0,0,562,43,685,6,339,36,2,579,27,3274,2,564,12,1,28409,836,67598,2392,11,42,0,14573,524,11023,2295,7,29,0,1250,27,6984,347,0,1,0,105,29,3961,216,0,1,0,65401,1141,23209,29834,11808,0,1405,23,901,470,0,0,0,54,0,3,0,59,7,152,598,23,59,25,18,260,4,106,30,9,50,311,17,4,399,441,25,11,4,31,23,3,15,0,0,17,89,4,8,6,6,5,1,1,1,11,97,156,112,128,4,33,33,66,32,0,1220,245,42,8,3,4637,1636,5337,3,0,0,60,62,16,26,13,48,20,17,20,0,14,202,82,322,126,4,36,8,66,25,0,52,0,19,6,1,408,24,0,2500,0,313,113,13,264,39,3000,298,44,251,0,0,0,0,0,0,0,0,0,0,0,0,0,0,0,0,0,0,0,0,0,0,0,0,0,0,0,0,0,0
com.netease.edu.ucmooc,370,9547,1278,0,487,215,0,4194,4236,0,28964,3888,57064,4074,22138,7402,986,10976,29720,7630,2517,932,2603,405,133,152,24475,0,1858,702,1484,7851,1320,1688,18558,2587,0,0,276,4422,21146,2998,0,504,222,295,96,56,22,1314,1781,3446,963,2742,427,864,20700,11040,733,707,460,1447,0,0,0,0,0,0,1112,387,1503,14,857,126,13,1162,1168,3586,10,243,33,16,12755,2329,52428,3134,75,15,37,6572,1541,14692,3189,62,16,22,1517,91,7235,1416,0,0,0,230,87,3246,436,1,0,0,86163,2016,30394,26594,14095,0,871,46,1096,345,0,0,0,229,0,14,0,47,5,1272,972,68,460,31,68,382,3,118,52,22,42,210,35,40,464,759,39,54,27,24,14,1,18,2,8,72,138,4,20,12,8,5,2,42,25,1063,42,129,40,85,0,13,19,33,30,0,1829,973,169,60,16,126,447,34,17,0,5,495,227,122,83,11,1248,478,48,481,8,44,199,124,411,220,2,33,13,80,75,0,17,0,46,40,22,736,40,0,8170,0,320,225,46,582,63,21,475,147,225,0,0,0,0,0,0,0,0,0,0,0,0,0,0,0,0,0,0,0,0,0,0,0,0,0,0,0,0,0,0
tikamori.com.boyorgirl,301,7682,726,0,126,126,0,4201,3649,0,22883,1554,39755,3906,19338,5831,264,9576,24970,5111,726,1065,949,99,217,189,19991,0,1127,872,1932,7265,988,1275,14734,1793,0,0,123,4299,17301,2320,0,350,228,331,103,65,47,475,1371,1939,801,1935,227,395,16894,11099,489,278,190,1040,0,0,0,0,0,0,709,57,835,2,312,13,1,683,38,2654,4,301,11,0,30831,884,80599,3174,0,43,0,15371,561,13732,2825,0,31,0,1640,28,6536,1524,0,3,0,148,21,2549,878,0,1,0,63318,2060,23738,24545,10180,0,746,31,639,343,0,0,0,141,0,4,0,73,9,235,883,154,78,24,23,364,5,151,104,9,62,240,25,1,303,556,31,10,7,24,13,1,15,0,0,24,78,11,12,11,2,3,6,6,1,19,53,128,71,98,0,14,25,30,35,0,1986,814,78,16,12,4530,1689,5344,9,1,0,122,113,55,42,18,76,27,32,29,0,13,312,138,474,226,8,73,54,183,82,2,59,0,25,17,0,482,29,0,3217,0,309,275,7,338,58,3007,364,109,167,0,0,0,0,0,0,0,0,0,0,0,0,0,0,0,0,0,0,0,0,0,0,0,0,0,0,0,0,0,0
com.zenjoy.musicvideo,335,8203,1134,0,412,291,0,5001,3148,0,24731,2303,45870,4761,21565,6384,654,10935,27880,6117,1169,1290,1444,215,261,172,20254,0,1150,1138,2467,6266,1063,1218,16298,2439,2,0,315,4379,19484,2021,0,402,222,299,103,58,24,1098,1803,2889,806,2318,310,526,18111,9146,513,490,247,1091,0,0,0,0,0,0,833,119,914,29,584,87,7,800,78,2921,25,397,20,6,32898,1707,79140,3396,20,27,1,16741,1167,13353,3093,14,19,2,1932,68,8028,239,1,1,1,236,47,3568,149,0,0,0,69143,1693,27726,25578,13071,0,777,34,982,337,0,0,0,162,0,12,0,73,5,813,1314,70,262,23,57,484,6,140,88,27,71,388,40,23,272,697,69,51,34,32,16,4,32,2,4,90,195,24,33,17,11,12,7,11,8,21,51,162,88,110,0,15,26,39,23,0,1810,893,196,71,19,4703,1735,5349,26,6,4,334,257,144,82,23,100,62,26,57,8,11,339,191,582,304,3,46,32,123,59,0,49,0,65,16,20,662,47,0,4009,0,366,227,37,458,43,3034,382,137,286,0,0,0,0,0,0,0,0,0,0,0,0,0,0,0,0,0,0,0,0,0,0,0,0,0,0,0,0,0,0
com.newstab,491,7514,4492,0,311,316,0,7244,15575,0,46257,3340,104112,6466,34310,12503,884,27919,47417,11771,3357,1522,2126,222,265,250,35837,0,3327,1643,3537,17160,2693,3489,29758,4743,4,0,365,8886,33059,3393,0,587,366,437,185,117,77,1418,2659,4830,1360,4241,555,1368,31006,17093,1050,886,402,1851,0,0,0,0,0,0,1102,173,2337,62,309,414,48,1012,62,8553,37,164,161,12,14778,1958,79544,4665,24,114,20,7722,1176,22387,3971,17,63,14,2058,45,11822,422,0,6,0,136,46,4964,259,0,0,0,131471,3083,50062,44150,27401,0,3610,47,1603,923,0,0,0,207,0,12,0,89,7,911,1320,110,310,34,65,702,9,171,90,21,61,180,88,39,1117,1206,89,52,42,143,51,15,46,0,7,109,244,39,45,16,18,12,10,12,20,35,183,318,170,206,4,43,57,76,39,0,2619,936,140,31,16,254,286,162,24,12,2,343,238,75,42,5,143,52,78,78,19,23,369,251,579,162,6,60,31,121,53,0,75,0,13,11,5,311,57,2,8416,0,717,370,60,536,80,78,247,141,146,0,0,0,0,0,0,0,0,0,0,0,0,0,0,0,0,0,0,0,0,0,0,0,0,0,0,0,0,0,0
air.CookingMania.CocktailMeatballs,479,6130,2244,0,203,207,0,6114,5283,0,24035,2089,48448,5446,21005,7103,492,14047,32035,7228,403,812,960,98,164,116,22198,0,481,827,1874,7065,1116,1204,14252,2578,0,0,68,4994,19663,2783,0,641,561,267,96,63,49,644,1567,1744,554,1856,126,260,16490,6789,363,218,190,782,0,0,0,0,0,0,535,52,795,3,305,25,0,483,35,4190,3,287,29,0,28930,1564,70518,2624,35,43,6,15397,887,12139,2339,10,31,3,1158,26,6975,235,0,4,0,103,17,2960,99,0,0,0,73568,1591,23760,32803,14517,0,1210,17,1023,447,0,0,0,57,0,2,0,26,5,169,453,33,72,18,23,233,4,118,27,7,36,303,8,2,368,416,26,9,4,29,18,3,18,0,0,17,78,7,6,9,4,5,0,2,1,17,92,111,79,102,12,36,44,72,39,0,1237,226,44,9,3,4642,1654,5328,5,0,0,91,72,31,19,12,55,21,30,23,0,22,118,76,235,71,5,45,14,69,31,4,56,0,10,9,5,404,29,0,2087,0,395,114,8,263,61,3000,283,39,240,0,0,0,0,0,0,0,0,0,0,0,0,0,0,0,0,0,0,0,0,0,0,0,0,0,0,0,0,0,0
cy6DfJVkoq4EGj7CZk3M.zengarden3d.free,83,1267,121,0,11,23,0,708,698,0,3894,182,6520,398,2182,956,38,1518,4064,1399,86,138,123,17,20,4,2830,0,52,123,262,730,111,97,1863,292,0,0,2,594,2650,334,0,158,62,53,16,5,5,62,268,250,73,376,16,43,1829,751,54,31,34,90,0,0,0,0,0,0,46,2,68,1,269,1,0,44,0,263,0,265,0,0,23559,194,37509,423,0,0,5,11820,104,1357,402,0,0,1,40,3,671,70,0,0,0,3,2,469,13,0,0,0,8818,122,2738,5660,1336,0,125,2,122,79,0,0,0,9,0,0,0,2,0,3,145,1,7,2,0,82,1,5,0,3,4,264,2,1,29,72,7,0,1,4,1,0,3,0,0,0,3,0,0,0,0,0,0,1,1,4,7,23,8,12,2,0,1,0,0,0,130,51,5,1,1,4577,1539,5314,2,0,0,4,9,2,0,0,10,0,5,0,0,1,55,20,57,29,0,1,1,5,1,2,2,0,0,2,1,342,2,0,345,0,12,16,0,31,8,2978,199,4,199,0,0,0,0,0,0,0,0,0,0,0,0,0,0,0,0,0,0,0,0,0,0,0,0,0,0,0,0,0,0
com.avtofriend.main.autofriend,757,10651,5685,0,453,434,0,10264,12963,0,49568,4240,100636,9366,42830,12194,1008,28086,58139,12526,2118,1792,2205,215,366,336,39034,0,1636,2003,4435,15386,2570,2735,31198,4842,0,0,416,10145,37734,4701,0,1048,802,642,276,155,96,1513,3192,4642,1136,4088,405,763,33450,15476,842,743,415,1889,0,0,0,0,0,0,1326,125,2041,20,507,116,4,1191,74,6769,16,400,30,3,39759,2862,111278,5024,45,50,7,21515,1721,25235,4581,18,45,5,2285,48,13201,408,0,0,0,179,50,5601,205,0,0,0,143876,2903,53132,59712,27481,0,3228,53,2020,960,0,0,0,239,0,16,0,118,25,700,1709,134,292,48,52,652,5,234,116,19,93,398,38,23,999,1234,87,44,17,76,39,10,40,0,2,75,209,25,21,13,16,13,7,8,10,36,284,372,250,352,12,63,93,175,99,0,2967,836,132,34,13,4758,1769,5391,16,2,1,326,199,66,34,16,161,59,79,65,4,61,442,242,693,242,6,138,57,230,80,5,112,0,18,26,12,599,43,1,6678,0,854,316,37,446,119,3020,405,115,276,0,0,0,0,0,0,0,0,0,0,0,0,0,0,0,0,0,0,0,0,0,0,0,0,0,0,0,0,0,0
com.joyfox.game.bubblemania,414,5990,2628,0,211,320,0,6119,7080,0,28932,2606,65922,7063,26738,7400,514,15007,35422,8219,550,1221,1313,152,183,151,33388,0,887,1383,3045,9187,1429,1422,20072,2862,0,0,201,5292,22962,3360,0,625,301,250,81,42,36,756,1536,2637,840,2042,205,416,22876,9799,432,308,180,1060,0,0,0,0,0,0,625,135,876,9,546,75,8,503,97,4479,7,453,22,2,30982,1484,84505,3220,169,37,35,16238,1020,16316,3072,124,26,16,1637,53,10568,331,0,5,0,258,50,4176,232,0,1,0,92939,1807,31974,39190,17894,0,1791,29,1080,595,0,0,0,67,0,3,0,59,14,356,686,69,148,26,37,385,7,131,51,18,65,399,24,13,482,529,27,15,5,48,39,3,17,1,0,40,139,14,21,10,9,5,7,4,36,14,104,143,114,122,4,43,40,151,39,0,1709,363,60,12,6,4755,1778,5351,12,0,0,185,126,51,50,19,117,48,50,59,2,22,207,84,382,174,3,77,15,96,48,0,69,0,25,14,1,677,145,0,3378,0,551,165,36,615,206,3003,374,119,283,0,0,0,0,0,0,0,0,0,0,0,0,0,0,0,0,0,0,0,0,0,0,0,0,0,0,0,0,0,0
com.iChing,1,14,73,0,0,0,0,31,110,0,159,2,734,0,142,11,0,22,110,55,368,3,0,0,0,2,447,0,13,0,0,88,0,2,128,5,0,0,0,0,85,15,0,2,0,0,0,0,0,0,2,21,15,11,0,4,89,9,0,0,0,10,0,0,0,0,0,0,0,0,69,0,0,0,0,0,0,56,0,0,0,0,0,0,418,0,0,0,0,0,0,169,0,0,0,0,0,0,0,0,0,0,0,0,0,0,0,0,0,0,623,9,191,301,198,0,124,0,24,20,0,0,0,0,0,0,0,0,0,0,0,0,0,0,0,0,0,0,2,0,0,0,0,0,0,1,0,0,0,0,0,0,0,0,0,0,0,0,0,0,0,0,0,0,0,0,0,0,0,0,0,0,0,0,0,0,0,4,0,0,0,0,0,0,0,0,0,0,0,0,0,0,0,0,0,0,0,0,0,0,0,0,0,0,0,2,0,0,0,0,0,0,0,0,0,0,54,0,0,0,2,0,0,0,0,0,0,0,0,0,0,0,0,0,0,0,0,0,0,0,0,0,0,0,0,0,0,0,0,0,0,0,0,0,0,0,0
com.blstreamperu.radioinkasat,176,2093,584,0,54,55,0,1750,1674,0,7987,558,18425,2393,7470,2403,145,5099,11007,3353,173,185,278,36,33,22,9766,0,127,313,671,2507,335,535,5785,753,0,0,12,2306,6454,1131,0,227,161,48,23,20,28,149,405,421,141,666,46,83,5347,2110,119,75,81,279,0,0,0,0,0,0,90,7,270,1,274,1,0,93,4,1570,0,274,9,0,24455,414,45499,764,0,0,6,12503,250,4138,721,0,0,3,130,14,2694,88,0,0,0,9,8,1318,21,0,0,0,28669,365,8734,12032,6250,0,437,3,239,137,0,0,0,3,0,2,0,1,0,60,142,15,39,2,14,60,1,12,3,7,3,273,9,2,78,92,13,2,3,3,11,0,7,1,0,7,16,14,12,1,0,1,0,2,6,6,26,27,19,23,8,0,3,1,1,0,392,62,11,4,0,4567,1537,5311,0,0,0,24,18,22,5,0,23,9,13,9,0,8,44,13,45,12,2,14,5,10,10,4,18,0,9,4,1,360,3,0,777,0,120,34,9,53,19,2987,216,7,194,0,0,0,0,0,0,0,0,0,0,0,0,0,0,0,0,0,0,0,0,0,0,0,0,0,0,0,0,0,0
com.maxelus.raysoflightlivewallpaper,36,785,75,0,0,0,0,156,62,0,1184,33,1452,129,1144,219,2,204,1311,422,130,137,18,5,5,1,1505,0,17,57,121,266,32,56,810,104,0,0,7,323,935,87,0,52,21,62,17,0,3,11,72,142,62,165,7,37,861,399,46,30,13,89,0,0,0,0,0,0,231,8,68,0,1,3,1,211,0,82,4,1,1,6,1107,17,2891,400,0,1,0,594,20,557,462,0,3,0,49,0,545,68,0,0,0,18,1,157,16,0,0,0,2986,75,2372,795,861,0,36,3,13,3,0,0,0,3,0,0,0,6,0,12,158,4,8,2,0,80,0,12,5,0,8,0,2,7,32,42,4,0,0,2,1,0,0,0,0,0,4,0,0,0,0,0,0,0,0,2,13,22,11,24,1,0,0,0,0,0,81,56,2,0,0,13,21,0,0,0,0,0,3,2,1,0,2,0,2,0,0,0,178,50,181,36,4,0,0,2,0,0,0,0,3,0,0,18,0,0,323,0,30,33,0,30,11,4,26,2,0,0,0,0,0,0,0,0,0,0,0,0,0,0,0,0,0,0,0,0,0,0,0,0,0,0,0,0,0,0,0
com.inrix.wpxi,286,3627,1149,0,178,216,0,3459,2629,0,14642,1641,35804,3961,14790,4502,356,10542,19656,5138,625,446,522,74,169,178,15313,0,827,593,1264,4950,801,1023,11293,1547,3,0,37,4230,12625,1626,0,402,255,119,44,92,128,282,928,1362,330,1208,128,216,10038,4771,252,214,166,507,0,0,0,0,0,0,365,26,584,2,297,64,1,551,19,2678,0,308,18,0,26787,1162,57866,1352,18,24,42,13753,548,8548,1393,9,13,12,215,22,5843,144,0,0,0,40,13,2232,41,0,0,0,51210,749,18608,18818,12300,0,747,6,566,391,0,0,0,30,0,3,0,18,3,146,316,75,121,8,17,153,1,61,30,16,27,317,16,8,193,203,22,4,1,11,15,3,12,0,2,9,37,6,5,1,3,0,1,2,25,26,41,70,94,72,8,73,106,156,60,4,592,117,21,3,2,4599,1566,5323,6,0,0,52,37,14,10,0,51,27,30,27,1,15,95,35,157,55,2,50,41,101,41,8,34,0,18,5,4,414,3,0,1828,0,288,70,15,142,34,2994,263,34,204,0,0,0,0,0,0,0,0,0,0,0,0,0,0,0,0,0,0,0,0,0,0,0,0,0,0,0,0,0,0
com.ebigle.sga,206,2051,965,0,31,29,0,1706,2293,0,10567,475,21189,2197,7746,3279,118,7104,11843,3338,184,310,216,42,30,23,8787,0,312,347,738,3419,516,356,6485,753,0,0,32,2501,7301,1074,0,217,135,100,43,10,21,129,570,1364,291,743,83,129,6425,3137,154,119,108,397,0,0,0,0,0,0,130,8,207,2,343,5,1,183,6,1175,1,297,12,1,25851,281,48136,880,18,19,6,13395,196,5610,918,113,11,3,551,3,3749,102,0,0,0,21,2,1417,30,0,0,0,30743,585,10556,11599,7102,0,552,6,306,201,0,0,0,25,0,2,0,13,0,62,292,10,35,8,7,137,1,12,10,4,7,284,5,4,366,217,9,9,1,11,20,0,5,0,0,4,23,1,3,1,2,0,1,1,8,6,34,64,43,58,3,1,3,0,2,0,528,98,12,5,0,4586,1554,5321,4,0,0,36,22,8,2,1,20,8,7,8,0,2,60,23,115,31,1,10,2,10,5,4,26,0,11,3,2,481,45,0,1228,0,424,45,3,912,415,2992,271,25,232,0,0,0,0,0,0,0,0,0,0,0,0,0,0,0,0,0,0,0,0,0,0,0,0,0,0,0,0,0,0
com.km.photo.mirrormania,137,3013,512,0,54,108,0,974,954,0,10204,461,10774,917,5014,1851,63,2198,7581,2576,857,1111,104,7,83,112,4280,0,177,76,168,1871,241,202,4263,642,4,0,49,726,5056,967,0,193,95,295,210,16,13,60,404,888,311,755,87,225,4342,1879,255,229,169,405,0,0,0,0,0,0,652,11,235,6,12,8,0,493,10,790,8,0,12,0,5672,142,14577,904,0,40,0,2597,140,3340,869,0,24,0,844,2,2446,131,0,8,0,85,3,875,74,0,0,0,24268,541,7213,6831,2560,0,580,13,175,112,0,0,0,161,0,0,0,54,8,30,2757,177,6,5,3,620,0,118,156,0,78,2,8,0,221,404,103,21,10,14,9,0,6,0,0,2,10,0,0,0,3,0,0,0,0,0,30,140,78,103,0,53,28,105,22,4,484,426,29,12,2,53,60,4,6,0,0,20,10,1,3,0,1,0,0,0,1,0,733,377,1343,415,2,92,43,74,45,2,5,0,5,1,3,54,0,0,1327,0,79,554,2,111,16,13,87,45,5,0,0,0,0,0,0,0,0,0,0,0,0,0,0,0,0,0,0,0,0,0,0,0,0,0,0,0,0,0,0
com.flyingbusstudio.eyerestreminderfree,144,2372,214,0,31,39,0,1230,997,0,7165,422,11697,789,4696,1830,95,3139,7630,1799,176,332,235,26,23,19,4506,0,119,190,417,1572,226,178,3396,578,0,0,22,965,4931,560,0,256,97,109,49,8,10,126,531,520,250,528,33,78,3734,1683,122,88,70,211,0,0,0,0,0,0,71,2,146,1,269,5,0,104,0,596,0,266,0,0,25004,282,42903,810,0,10,5,12634,227,2884,808,0,10,1,253,7,1046,123,0,0,0,4,6,663,25,0,0,0,16850,395,5305,9063,2911,0,206,8,191,90,0,0,0,20,0,0,0,7,0,40,301,7,17,7,0,154,1,14,3,3,4,265,2,1,42,149,8,4,3,6,4,0,9,0,0,1,18,0,0,0,1,3,0,1,1,4,15,61,15,35,8,0,1,0,0,0,297,135,11,6,1,4594,1555,5311,6,0,0,20,25,2,3,1,14,1,8,0,0,4,105,69,146,59,1,1,1,8,2,2,10,0,6,2,2,351,3,0,626,0,27,63,0,129,16,2985,200,9,195,0,0,0,0,0,0,0,0,0,0,0,0,0,0,0,0,0,0,0,0,0,0,0,0,0,0,0,0,0,0
com.rioneutron.words4.free,305,2375,1724,0,64,84,0,1720,2915,0,10748,569,19310,2261,8623,3056,153,5364,12480,4472,361,469,334,72,53,48,9208,0,166,324,697,3139,449,622,6368,1106,0,0,260,2274,7946,1370,0,277,184,152,53,25,28,179,585,793,356,798,66,136,7154,2979,191,140,104,399,0,0,0,0,0,0,218,6,358,1,275,5,0,317,4,1684,0,269,9,0,25565,498,49768,1113,0,28,6,13007,351,4974,1061,0,21,3,318,14,3397,123,0,12,0,20,8,1547,19,0,2,0,31605,546,10509,12121,6196,0,818,7,318,234,0,0,0,19,0,2,0,17,4,49,349,22,21,8,13,156,1,62,19,7,29,269,11,2,238,278,21,9,6,13,18,1,14,0,0,4,35,4,1,1,4,4,0,1,1,5,85,131,111,84,4,11,9,40,21,0,478,105,7,2,0,4596,1582,5315,2,0,0,24,19,9,0,0,22,47,12,8,0,7,108,48,159,55,2,20,12,18,16,7,16,0,9,3,1,372,3,0,1236,0,130,65,7,155,33,2993,263,22,199,0,0,0,0,0,0,0,0,0,0,0,0,0,0,0,0,0,0,0,0,0,0,0,0,0,0,0,0,0,0
com.calcaware.null,373,7255,1307,0,124,107,0,4296,4820,0,21911,1449,47084,3953,10254,3798,225,5388,31600,14813,1620,414,977,133,61,67,27454,0,867,893,1918,4955,443,1167,11716,3546,1,0,291,2445,14795,4557,0,391,235,111,69,42,19,502,1447,2985,354,1554,163,348,14966,6960,247,210,122,914,0,0,0,0,0,0,562,50,2144,148,289,19,0,885,43,10070,77,291,18,0,25955,621,58430,1442,0,7,0,13202,453,7438,1505,0,7,0,361,32,7696,271,0,16,0,156,46,2856,205,0,2,0,59662,1188,18108,31238,11086,0,670,6,1045,511,0,0,0,7,0,2,0,1,0,227,346,41,79,4,18,185,3,31,25,7,9,309,11,9,125,185,8,6,10,13,4,0,4,0,0,29,117,9,16,16,0,0,0,1,1,11,18,44,13,33,7,1,3,5,5,1,675,200,39,12,5,4653,1587,5320,1,0,0,102,118,74,37,14,33,20,10,22,0,7,75,33,129,62,3,4,6,27,18,4,37,0,17,15,4,392,35,0,2331,0,218,135,15,216,71,2989,231,15,223,0,0,0,0,0,0,0,0,0,0,0,0,0,0,0,0,0,0,0,0,0,0,0,0,0,0,0,0,0,0
com.nicesprite.unity,1,118,30,0,11,4,0,58,14,0,273,27,430,58,272,83,0,43,354,49,14,16,16,3,5,2,160,0,7,22,47,60,11,18,159,31,0,0,2,30,214,18,0,1,0,9,9,0,3,4,21,52,2,14,0,5,225,115,2,13,1,16,0,0,0,0,0,0,23,1,13,0,1,0,0,7,0,25,0,0,0,0,94,5,554,53,0,0,0,66,3,161,67,0,0,0,7,0,43,34,0,0,0,4,0,7,11,0,0,0,776,19,319,273,95,0,7,0,10,2,0,0,0,0,0,0,0,8,0,3,11,9,0,0,2,3,0,2,0,0,7,0,0,0,0,1,1,1,0,0,0,0,0,0,0,0,2,0,0,0,0,0,0,0,0,0,0,0,3,1,0,0,0,0,4,0,4,1,3,0,0,2,4,1,0,0,0,0,1,0,0,0,0,0,0,0,0,0,2,1,7,4,0,2,0,2,3,0,3,0,3,1,0,3,0,0,32,0,6,1,0,5,1,0,0,0,0,0,0,0,0,0,0,0,0,0,0,0,0,0,0,0,0,0,0,0,0,0,0,0,0,0,0,0,0,0,0
com.kartatech.karta.gps,443,12206,2294,0,535,441,0,7883,10358,0,34735,4606,78948,7585,31739,7328,714,18792,41841,10676,3790,1265,2505,296,357,181,34974,0,2589,1903,4203,12501,1717,2495,28773,4058,1,0,321,8272,28705,4129,0,584,336,343,204,61,27,1848,2599,3970,935,3116,389,630,27479,16149,716,636,391,1642,0,0,0,0,0,0,1083,118,1535,32,799,141,4,1209,91,6073,28,556,26,5,34655,3404,108156,5029,51,53,26,17652,1732,26224,4162,41,30,25,1571,78,13796,1200,0,2,0,267,63,6244,369,0,3,0,98964,2683,45353,44522,24549,0,1644,33,1464,1130,0,0,0,189,0,15,0,73,7,1007,1112,68,399,42,58,366,12,151,49,24,64,510,47,28,298,610,75,35,7,46,19,2,43,1,7,121,237,27,32,13,22,12,7,11,34,26,55,153,89,93,2,13,19,31,24,0,2765,854,183,39,19,4780,1818,5369,38,6,5,544,335,143,104,23,181,85,43,96,17,30,270,155,512,230,4,41,19,92,46,0,104,0,42,16,5,773,48,0,6084,0,807,237,48,599,82,3004,430,166,330,0,0,0,0,0,0,0,0,0,0,0,0,0,0,0,0,0,0,0,0,0,0,0,0,0,0,0,0,0,0
com.thsoft.tonematrix,317,4859,716,0,94,98,0,3221,2617,0,15631,853,25366,2109,10564,4250,176,7188,17476,3446,317,538,392,39,48,53,9458,0,244,427,962,3349,629,382,7356,1409,7,0,101,2392,11268,1206,0,480,372,155,51,18,17,229,1190,1049,382,1238,68,176,8639,3525,191,127,95,397,0,0,0,0,0,0,429,20,342,17,312,12,1,322,10,1448,14,293,3,2,27399,751,53954,1623,38,13,5,14088,383,6510,1413,14,12,1,773,10,2778,129,0,0,0,52,8,1533,46,0,0,0,36568,896,12217,20471,7093,0,470,9,534,193,0,0,0,53,0,0,0,20,5,91,451,14,41,8,3,233,1,67,16,3,23,307,5,3,126,300,21,11,9,12,3,1,17,1,0,6,41,3,0,3,1,3,0,1,1,13,43,65,27,45,8,13,17,30,12,0,855,355,84,21,11,4618,1609,5331,10,0,0,40,33,11,2,12,21,12,17,11,0,12,150,62,200,84,5,22,12,47,12,2,13,0,7,20,3,406,22,0,1271,0,152,114,4,165,22,2990,266,43,219,0,0,0,0,0,0,0,0,0,0,0,0,0,0,0,0,0,0,0,0,0,0,0,0,0,0,0,0,0,0
com.jagbani,540,15360,3112,0,852,561,0,8930,7979,0,45171,4636,87704,7801,36856,11222,1173,21919,48372,10981,1854,2127,2930,383,520,294,40314,0,1712,1670,3660,12413,2025,2794,28834,4292,2,0,603,7520,34560,4151,0,698,451,658,273,107,49,2085,2979,5696,1455,4058,526,885,32198,16578,948,828,459,2107,0,0,0,0,0,0,1525,236,1873,73,1036,157,5,1182,158,5083,61,647,45,3,41864,3751,115628,5309,34,39,7,21596,2336,23905,4909,13,27,5,3752,53,12503,371,0,0,0,499,41,5526,291,0,0,0,130818,3101,49188,44681,23616,0,1725,51,1846,668,0,0,0,231,0,17,0,140,7,1284,2271,167,476,104,90,624,14,264,109,46,124,533,64,57,516,1150,83,48,26,53,30,4,41,3,7,146,361,38,55,27,17,11,7,12,14,55,155,475,134,193,3,14,23,32,38,0,3461,1375,236,72,25,4790,1968,5582,37,10,8,728,541,266,155,23,204,138,40,129,3,24,673,395,1023,570,8,123,52,232,125,0,122,0,45,21,10,977,55,2,7747,0,915,419,81,817,69,3021,554,276,369,0,0,0,0,0,0,0,0,0,0,0,0,0,0,0,0,0,0,0,0,0,0,0,0,0,0,0,0,0,0
com.touch.tk,467,5684,1469,0,223,277,0,6537,5072,0,23512,2546,55686,6280,21371,6473,588,14843,31487,7203,308,666,1125,134,151,69,28359,0,696,1009,2222,7209,1131,1355,16835,2674,0,0,39,5595,19856,2945,0,646,538,156,74,42,48,677,1277,1456,494,1764,131,280,16729,7158,299,213,185,743,0,0,0,0,0,0,309,118,875,2,327,15,14,293,42,4806,1,306,18,14,28221,1716,69335,2190,40,26,95,14831,957,12407,1968,12,18,51,597,41,10064,423,0,1,0,141,43,3800,216,0,1,0,79241,1270,25971,36479,16258,0,1175,9,1172,416,0,0,0,32,0,2,0,30,0,191,482,37,125,23,37,212,4,38,16,13,19,331,8,37,175,252,18,3,1,18,16,1,9,0,0,39,114,7,7,8,11,0,9,7,2,30,58,79,78,101,10,2,9,3,9,0,1052,172,36,12,1,4622,1611,5344,8,0,4,120,92,37,33,12,62,37,35,35,0,29,95,46,232,104,4,23,9,26,36,4,56,0,8,10,6,401,25,0,1905,0,394,86,13,143,47,2996,291,52,228,0,0,0,0,0,0,0,0,0,0,0,0,0,0,0,0,0,0,0,0,0,0,0,0,0,0,0,0,0,0
com.meihillman.effectsvideo,208,5580,1052,0,389,348,0,2910,3125,0,13984,1301,21465,2501,10701,3590,360,5027,16087,3337,612,669,854,122,243,96,9915,0,322,583,1314,3265,444,756,7349,1100,2,0,129,2153,11294,1362,0,265,161,122,42,22,15,661,1110,1859,453,1446,171,293,9937,4755,366,246,127,596,0,0,0,0,0,0,607,109,633,34,495,8,1,386,73,1011,23,321,2,0,28991,1400,59889,2067,4,19,0,14587,819,7151,1807,6,17,0,913,27,2961,166,0,0,0,171,14,1297,108,0,0,0,36313,805,12445,13556,6833,0,577,17,629,239,0,0,0,90,0,11,0,20,4,420,449,61,152,15,32,209,5,61,31,21,23,318,23,7,192,423,44,17,10,20,10,2,16,1,2,77,134,17,22,12,9,9,1,10,4,18,33,37,42,50,0,15,20,39,20,0,1135,516,114,36,8,4617,1674,5331,15,6,4,213,166,94,62,13,82,63,12,60,1,7,106,37,253,97,3,27,14,68,45,0,27,0,18,9,1,543,23,0,2603,0,202,119,20,314,23,2997,314,63,265,0,0,0,0,0,0,0,0,0,0,0,0,0,0,0,0,0,0,0,0,0,0,0,0,0,0,0,0,0,0
com.atomicadd.fotos,458,11969,1305,0,463,252,0,7577,4283,0,34268,2982,72470,6444,27516,8170,666,17139,38200,8052,1604,1452,1535,204,301,230,28915,0,1803,1404,3015,9674,1757,2078,22021,3111,1,0,297,5534,28189,3872,0,603,349,324,125,75,70,1081,2518,4311,1509,3087,409,881,25574,13401,648,494,323,1353,0,0,0,0,0,0,1294,122,1337,29,788,292,2,1397,81,4396,25,653,291,3,35393,2414,95660,3877,8,37,0,17867,1519,18107,3589,10,28,0,2209,73,14057,237,0,2,0,385,51,4952,205,0,0,0,105942,2333,36176,37074,17099,0,1221,32,1225,444,0,0,0,160,0,16,0,69,12,687,1115,175,264,39,49,452,7,212,81,23,69,554,127,13,414,739,77,37,8,60,27,3,24,5,3,94,169,22,35,15,10,10,7,14,1,32,62,146,90,102,9,17,40,35,32,0,2443,1009,183,41,14,4749,1909,5439,35,15,4,367,210,159,84,22,104,74,43,77,7,21,309,136,538,245,5,69,76,164,90,4,74,0,52,27,7,903,176,1,5889,0,525,261,31,724,60,3032,542,385,322,0,0,0,0,0,0,0,0,0,0,0,0,0,0,0,0,0,0,0,0,0,0,0,0,0,0,0,0,0,0
com.LittleSunSoftware.Doodledroid,215,5488,4163,0,212,418,0,2590,8897,0,24861,2060,31706,2454,14420,7626,333,10129,24947,36129,13321,2404,836,62,196,149,18419,0,338,636,1325,5531,1450,1283,11124,1715,7,0,207,2594,15240,2058,0,296,96,583,329,48,45,427,1624,2944,1072,1724,322,603,14349,7583,737,664,340,1115,0,0,0,0,0,0,1109,131,1224,20,186,92,23,13943,61,6372,7,6380,51,3,11941,887,45456,2328,23,54,37,6264,473,9645,2556,30,30,25,1258,16,4169,225,0,0,0,101,12,1248,88,0,0,0,60603,1478,18959,15785,9865,0,1767,33,549,613,0,0,0,159,0,2,0,124,11,240,1833,240,132,29,21,845,8,261,94,8,207,129,47,22,639,828,105,38,23,98,28,7,20,5,2,29,96,9,7,5,10,7,11,9,24,11,167,388,254,286,6,48,52,156,50,0,1021,649,129,36,13,230,216,53,19,6,1,141,78,27,13,3,95,30,40,56,17,6,590,417,888,383,6,59,20,169,53,0,14,0,11,7,11,227,20,2,4060,0,380,280,23,353,110,38,143,93,36,0,0,0,0,0,0,0,0,0,0,0,0,0,0,0,0,0,0,0,0,0,0,0,0,0,0,0,0,0,0
com.mycreativephotostudio.hijabjilbabmodenfotomontage,355,7015,877,0,123,133,0,4928,3098,0,23597,1485,54256,4830,18945,5519,251,9468,25430,9761,862,1000,779,109,154,125,27462,0,756,700,1561,6730,874,769,14704,4206,1,0,245,2914,17600,2914,0,375,309,236,80,87,62,384,1274,2172,577,1628,181,413,17987,7560,366,306,177,934,0,0,0,0,0,0,641,20,772,5,393,14,1,765,17,9559,8,360,12,1,30035,1017,75397,2744,0,19,6,15267,607,12390,2824,0,18,3,4073,32,5928,356,0,4,0,202,26,2693,205,0,4,0,80268,1990,24447,29458,10712,0,652,26,653,263,0,0,0,118,0,2,0,59,7,242,899,168,72,29,35,333,4,128,170,3,44,353,14,3,254,448,53,18,22,20,9,1,10,0,0,9,69,8,3,6,6,3,1,5,6,14,52,113,39,78,7,14,31,35,22,0,1364,650,88,23,11,4653,1665,5335,6,0,0,116,77,33,33,13,48,24,16,27,6,7,281,204,339,250,4,49,32,184,82,4,26,0,19,10,2,422,27,0,2872,0,192,245,13,264,39,2997,310,55,280,0,0,0,0,0,0,0,0,0,0,0,0,0,0,0,0,0,0,0,0,0,0,0,0,0,0,0,0,0,0
com.cubelab.alltalkplus,461,6938,4646,0,268,423,0,7499,13965,0,37231,3209,85578,7344,32275,9490,753,20864,44116,11323,2273,1526,1834,196,383,783,36862,0,2122,1595,3506,11904,2062,2300,27399,3405,0,0,405,7397,29569,3471,0,587,341,468,179,69,42,1236,2601,4812,1646,3251,447,850,27900,14311,690,642,321,1590,0,0,0,0,0,0,1167,77,1561,21,820,371,6,1462,47,4701,18,676,227,5,36657,2620,105503,4474,8,49,22,18839,1186,22917,3991,7,31,8,2323,81,12316,564,0,0,0,368,86,4702,255,0,0,0,119523,2250,44367,38649,19914,0,2818,52,1952,975,0,0,0,172,0,13,0,89,8,703,1561,94,249,39,35,491,7,183,863,16,82,573,93,34,922,1025,67,39,21,98,88,8,51,3,4,81,217,25,30,15,14,12,7,7,11,36,176,290,143,226,10,37,43,92,47,0,1986,818,92,23,6,4821,1880,5391,18,6,2,279,203,79,50,15,109,52,34,63,6,21,318,181,480,203,5,49,20,854,48,0,64,0,26,27,4,836,127,0,6498,0,505,271,43,689,110,3028,550,323,343,0,0,0,0,0,0,0,0,0,0,0,0,0,0,0,0,0,0,0,0,0,0,0,0,0,0,0,0,0,0
com.dongby.android.mmshow.inter,590,7738,802,0,218,107,0,4755,2992,0,28508,1836,66109,5036,25271,6812,438,12419,29008,8184,5821,1401,1319,136,166,114,0,0,1214,1051,2221,9505,1271,1308,20771,2332,0,0,278,5933,20801,3155,0,813,308,308,130,30,31,677,1590,3035,966,2222,282,586,21789,9356,457,410,249,1258,0,0,0,0,0,0,799,71,1025,19,557,86,6,896,42,3656,13,1252,32,4,32468,1008,91836,3170,157,32,36,16950,726,16875,3052,55,23,19,2086,40,7708,380,0,0,0,252,43,2971,224,0,0,0,96379,2094,33608,34391,14427,0,676,34,943,296,0,0,0,173,0,5,0,54,7,543,1445,57,166,35,12,436,6,122,62,13,51,443,28,23,256,547,34,21,17,23,12,1,25,1,2,23,102,8,6,9,4,5,7,8,24,20,81,191,55,91,0,14,17,36,23,0,1552,785,109,32,19,4712,1720,5355,20,0,0,196,184,49,33,17,95,44,27,45,3,14,399,235,510,341,12,51,32,123,39,0,40,0,32,17,6,627,59,0,4203,0,316,285,33,392,51,3001,372,125,273,0,0,0,0,0,0,0,0,0,0,0,0,0,0,0,0,0,0,0,0,0,0,0,0,0,0,0,0,0,0
com.adsreality.codblackmarket,1,115,26,0,8,6,0,76,17,0,265,25,473,64,302,77,0,48,378,62,16,15,17,3,5,0,159,0,7,20,49,68,15,20,164,32,0,0,2,25,232,30,0,1,0,10,3,0,2,6,23,50,8,16,0,4,255,113,3,6,1,17,0,0,0,0,0,0,21,1,11,0,1,0,0,7,0,26,0,0,0,0,86,19,544,45,0,0,0,55,7,171,64,0,0,0,18,0,61,48,0,0,0,8,0,19,17,0,0,0,818,23,309,282,142,0,7,0,9,2,0,0,0,0,0,0,0,0,0,2,12,9,0,0,2,5,0,0,0,0,6,0,0,0,0,1,1,1,0,0,0,0,0,0,0,0,1,0,0,0,0,0,0,0,0,0,0,0,0,1,0,0,0,0,4,0,4,1,3,0,0,3,5,0,0,0,0,0,2,0,0,0,0,0,0,0,0,0,0,1,5,4,0,2,0,1,3,0,3,0,3,0,0,3,0,0,32,0,6,1,0,3,0,1,0,0,0,0,0,0,0,0,0,0,0,0,0,0,0,0,0,0,0,0,0,0,0,0,0,0,0,0,0,0,0,0,0
com.phonegap.tbaa,5,31,72,0,0,0,0,82,327,0,546,16,1354,121,513,106,5,171,626,176,10,6,11,3,0,0,888,0,14,22,50,116,4,4,407,31,0,0,0,57,398,49,0,9,2,0,0,0,0,3,12,31,37,15,0,9,460,167,1,2,1,18,0,0,0,0,0,0,0,0,9,0,0,0,0,0,0,56,0,0,0,0,40,4,1062,43,0,0,0,45,4,333,64,0,0,0,47,0,130,8,0,0,0,15,0,24,6,0,0,0,1992,34,635,420,302,0,76,0,26,54,0,0,0,0,0,0,0,0,0,7,1,0,1,0,0,1,0,0,0,0,0,0,0,0,3,1,0,0,0,0,0,0,0,0,0,0,1,0,0,0,0,0,0,0,0,0,0,0,0,0,0,0,0,0,0,0,8,0,0,0,0,1,0,0,0,0,0,1,1,0,0,0,0,0,0,0,0,0,0,0,0,0,0,0,0,0,0,0,0,0,1,2,0,1,0,0,32,0,0,0,0,2,0,0,0,0,0,0,0,0,0,0,0,0,0,0,0,0,0,0,0,0,0,0,0,0,0,0,0,0,0,0,0,0,0,0,0
org.microemu.android.se.appello.lp.WisepilotSE,409,7034,727,0,199,89,0,4305,3194,0,20756,1816,40961,3463,14796,4956,381,7376,25667,9123,4034,1171,973,193,235,107,18906,0,872,895,1901,6213,826,1192,12765,2145,5,0,227,2694,15961,2725,0,606,191,360,252,74,59,519,1372,2254,555,2289,226,509,14530,6267,392,421,226,1218,0,0,0,0,0,0,1142,34,1248,21,523,80,17,1981,22,4116,16,873,80,7,30554,1035,67256,2411,268,25,296,15772,902,11250,2525,200,36,158,874,27,7552,389,9,4,5,177,31,2443,259,4,2,8,57076,1016,20271,24681,11718,0,741,10,721,350,0,0,0,58,0,4,0,67,5,261,809,119,187,21,31,359,5,176,100,12,97,381,34,154,307,399,50,40,9,43,9,16,14,3,1,10,148,14,18,2,3,0,0,18,13,7,57,222,59,124,7,5,26,13,30,1,1140,425,145,42,10,4743,1796,5361,16,7,5,173,126,55,63,12,31,12,12,26,9,6,450,279,755,298,2,49,32,140,91,2,38,0,28,21,6,660,52,1,4056,0,333,384,35,596,141,3048,433,71,320,0,0,0,0,0,0,0,0,0,0,0,0,0,0,0,0,0,0,0,0,0,0,0,0,0,0,0,0,0,0
com.xiachufang,0,0,10,0,0,1,0,2,35,0,19,2,36,6,7,6,0,8,18,14,1,0,2,0,0,0,24,0,0,0,0,1,0,2,22,2,0,0,0,0,16,8,0,0,0,0,0,0,0,1,0,3,0,2,0,0,15,9,0,0,0,0,0,0,0,0,0,0,0,0,2,0,1,0,0,0,0,0,0,0,0,0,2,0,2,1,0,0,0,2,0,1,2,0,0,0,1,0,0,0,0,0,0,0,0,0,0,0,0,0,52,2,19,12,2,0,13,0,6,2,0,0,0,0,0,0,0,0,0,0,0,0,0,0,0,0,0,0,0,0,0,0,0,0,0,0,0,1,0,0,0,0,0,0,0,0,0,0,0,0,0,0,0,0,0,0,0,0,0,0,0,0,0,0,0,0,0,0,0,0,0,0,0,0,0,0,0,0,0,0,0,0,0,0,0,0,0,0,0,0,0,0,0,0,0,0,0,0,0,0,0,0,0,0,0,0,2,0,0,0,0,0,0,0,0,0,0,0,0,0,0,0,0,0,0,0,0,0,0,0,0,0,0,0,0,0,0,0,0,0,0,0,0,0,0,0,0
com.chiragpipaliya.tie,288,6863,889,0,156,130,0,4280,3313,0,21316,1691,40143,4269,17066,5403,310,9695,22594,4107,632,869,862,93,102,102,0,0,633,1217,2698,5475,973,1162,12208,1797,0,0,228,3757,15926,1806,0,291,185,319,171,25,14,556,1200,1950,639,1709,203,448,16027,7749,513,434,216,968,0,0,0,0,0,0,797,45,653,10,440,31,2,578,28,1869,10,383,13,3,30519,930,71230,2789,0,14,0,15129,599,11276,2467,0,14,0,1279,33,5529,206,0,0,0,120,32,2413,167,0,0,0,59114,1711,21058,22750,11517,0,823,25,746,258,0,0,0,121,0,3,0,85,8,277,951,52,87,19,20,324,1,163,69,5,71,382,13,6,226,434,37,26,6,28,13,2,19,1,1,29,96,7,4,5,3,3,7,5,1,12,87,250,48,102,0,13,19,34,19,0,1718,696,96,23,8,4653,1713,5354,14,1,0,197,108,45,24,17,52,24,20,27,0,11,380,268,460,315,4,33,19,88,29,0,39,0,18,11,9,490,26,0,2922,0,320,201,16,276,35,3001,313,84,235,0,0,0,0,0,0,0,0,0,0,0,0,0,0,0,0,0,0,0,0,0,0,0,0,0,0,0,0,0,0
com.wMUSER,94,1359,134,0,14,22,0,885,693,0,4720,222,8902,583,3219,1177,43,1969,4794,1840,258,181,138,26,20,5,4104,0,109,127,270,1082,158,164,2743,367,0,0,3,644,3209,448,0,169,64,58,17,6,7,66,292,326,88,416,22,51,2451,984,56,36,40,127,0,0,0,0,0,0,55,4,104,1,270,1,0,53,2,553,0,265,0,0,23661,174,39215,470,0,0,5,11935,105,2043,448,0,0,1,50,3,1325,71,0,0,0,7,2,812,16,0,0,0,12078,178,4048,6441,1986,0,143,2,130,75,0,0,0,10,0,0,0,3,0,5,159,2,14,2,1,93,3,7,0,4,5,265,2,2,20,71,3,0,1,4,1,0,3,0,0,1,4,4,0,0,0,0,0,1,1,4,7,24,9,13,2,0,1,0,0,0,173,56,3,3,0,4578,1536,5310,3,0,0,9,11,9,1,0,11,0,6,0,0,2,59,20,71,33,0,1,1,5,2,2,4,0,0,1,0,340,2,0,399,0,29,17,0,31,9,2979,197,3,195,0,0,0,0,0,0,0,0,0,0,0,0,0,0,0,0,0,0,0,0,0,0,0,0,0,0,0,0,0,0
in.droom,499,5377,5583,0,183,354,0,4816,23016,0,37176,2277,78282,5621,29455,8726,623,15155,34180,8918,5209,1841,1247,117,236,240,0,0,1976,1069,2271,11593,1359,1621,20535,2373,0,0,244,4982,22111,4262,0,548,373,528,229,131,96,746,1730,3466,1010,3029,285,576,24722,10468,599,552,313,1919,0,0,0,0,0,0,1014,52,1087,28,174,128,2,918,40,2834,20,115,34,2,11792,1277,67316,3350,4,42,7,7143,872,20928,3001,3,29,5,1589,45,7097,294,0,13,0,101,38,3023,147,0,3,0,119499,2208,33936,36237,15208,0,5812,55,1465,1363,0,0,0,163,0,6,0,132,10,579,1353,101,200,36,31,491,4,275,107,7,110,118,28,16,777,1020,73,26,15,57,35,7,32,0,2,56,125,23,14,7,8,10,0,6,10,33,333,338,318,284,14,38,49,85,59,24,1900,662,75,22,7,132,185,39,8,2,1,140,177,43,31,0,107,44,29,46,1,20,485,291,625,202,5,79,19,114,48,9,56,0,28,13,5,217,55,0,5124,0,489,291,31,388,62,31,155,94,75,0,0,0,0,0,0,0,0,0,0,0,0,0,0,0,0,0,0,0,0,0,0,0,0,0,0,0,0,0,0
com.app.uento,365,8590,1336,0,268,169,0,6876,7075,0,31062,2512,76568,8143,26058,6332,396,13071,35125,14087,3175,1533,1429,199,177,175,45460,0,1498,1414,3181,10228,1096,1241,22805,2819,0,0,252,4753,24104,3904,0,468,246,276,167,89,46,735,1636,2951,830,2057,235,495,24384,13147,520,457,283,1228,0,0,0,0,0,0,729,45,939,9,335,59,0,852,27,11303,20,296,24,1,31430,1287,103042,3408,0,16,5,16268,870,20301,3306,0,16,1,1930,24,11422,1467,0,10,0,218,25,4106,659,0,2,0,108334,2427,35850,40337,16756,0,1229,31,1031,559,0,0,0,162,0,2,0,64,8,389,1100,194,136,24,35,605,1,146,116,14,55,346,41,6,234,525,31,23,8,17,5,2,12,0,1,31,141,11,50,6,2,3,8,11,1,34,38,106,92,84,1,13,19,47,20,0,1724,719,80,30,8,4657,1702,5350,12,4,1,213,176,109,54,43,79,46,30,51,0,11,273,148,521,234,2,34,30,147,54,0,63,0,35,29,7,437,25,0,3324,0,388,478,22,308,37,3000,300,51,241,0,0,0,0,0,0,0,0,0,0,0,0,0,0,0,0,0,0,0,0,0,0,0,0,0,0,0,0,0,0
com.proj.minecraftpixelmonskins,231,6005,772,0,81,132,0,2952,2899,0,16539,1104,28591,2869,12414,4167,183,6553,17350,4315,483,686,504,49,100,67,12456,0,488,681,1535,4059,678,1044,9280,1242,0,0,185,2391,12428,1610,0,274,198,154,61,43,14,278,1002,1677,534,1466,153,275,12305,5639,320,224,112,710,0,0,0,0,0,0,641,42,609,10,446,38,2,578,26,1413,11,356,4,2,29085,685,63897,2364,0,19,0,14492,369,8428,2257,1,17,0,935,26,3877,151,0,1,0,75,17,1965,102,0,1,0,45367,1175,15851,16259,7167,0,543,20,502,189,0,0,0,139,0,2,0,52,7,214,557,112,73,12,25,257,2,108,138,6,41,330,19,4,227,380,26,12,18,15,6,1,17,1,0,20,56,8,4,6,3,3,7,6,2,18,40,77,33,53,0,13,20,32,13,0,1709,636,99,24,8,4632,1659,5347,10,0,0,111,64,47,12,16,54,29,39,43,3,16,185,79,237,133,4,21,16,143,43,0,52,0,17,20,9,462,26,0,2641,0,362,172,8,268,27,2994,297,59,226,0,0,0,0,0,0,0,0,0,0,0,0,0,0,0,0,0,0,0,0,0,0,0,0,0,0,0,0,0,0
com.gogii.textplus,739,7909,6188,0,376,691,0,8986,22661,0,53264,4544,135890,11213,47275,11774,1043,24294,59949,24409,5325,1963,2935,305,311,278,64712,0,2996,3103,6761,16245,2263,2589,39979,6555,0,0,1338,8457,39725,5775,0,878,462,512,161,84,53,1789,3269,5511,1624,3917,535,948,43548,18895,903,703,374,2227,0,0,0,0,0,0,1291,166,1812,38,796,223,3,1663,112,15744,38,490,310,4,37682,3807,140725,5862,46,42,20,19374,1957,30509,5753,15,31,17,3074,85,27602,487,0,4,0,445,76,9655,305,0,0,0,167863,3292,63749,64959,40353,0,5017,53,2715,1879,0,0,0,176,0,7,0,71,7,978,1537,163,362,61,54,648,18,210,129,30,78,446,59,20,1017,1167,87,72,27,87,60,6,33,3,2,156,333,59,68,18,13,17,6,17,11,39,164,215,149,239,4,41,37,83,72,0,2312,835,121,47,18,4742,1843,5368,15,5,2,442,325,162,93,22,185,94,36,95,10,27,282,145,619,264,5,49,20,155,68,0,117,0,52,27,13,747,69,0,6793,0,788,306,50,621,78,3023,451,172,303,0,0,0,0,0,0,0,0,0,0,0,0,0,0,0,0,0,0,0,0,0,0,0,0,0,0,0,0,0,0
com.instagram.followcop,332,7596,802,0,168,146,0,4211,3344,0,24225,1813,44555,4076,20032,6651,348,10196,25788,5437,1139,1384,942,106,184,115,18654,0,708,868,1909,6645,1019,1327,14319,2019,0,0,273,4158,17787,2056,0,404,248,321,112,35,29,554,1415,2630,880,1947,255,488,16513,8531,502,411,182,952,0,0,0,0,0,0,762,45,904,7,520,41,1,735,36,2444,11,447,15,0,32329,983,75254,3122,0,43,0,16187,643,12191,2863,1,31,0,1759,29,5954,251,0,1,0,117,25,2516,125,0,1,0,67381,1700,24593,23731,12725,0,941,28,690,314,0,0,0,157,0,4,0,60,7,339,895,54,135,21,21,356,5,135,67,9,62,400,20,2,392,593,30,13,12,30,16,2,16,0,1,11,107,8,12,8,5,3,1,7,25,25,60,130,57,82,0,14,20,35,23,0,2226,783,70,16,10,4750,1814,5374,10,1,0,163,108,50,34,16,122,52,48,77,3,18,279,142,459,206,8,56,31,131,42,0,38,0,18,17,6,592,88,4,3605,0,338,215,18,654,206,3012,364,85,282,0,0,0,0,0,0,0,0,0,0,0,0,0,0,0,0,0,0,0,0,0,0,0,0,0,0,0,0,0,0
com.appforapp.almutanabipoem,19,239,322,0,7,2,0,219,489,0,1417,75,3263,276,1655,553,14,689,1753,270,68,102,47,9,3,3,1775,0,46,144,322,579,50,74,1115,80,0,0,7,280,1017,142,0,26,9,27,7,5,2,32,102,129,88,159,23,34,1238,579,68,29,20,93,0,0,0,0,0,0,29,5,52,0,36,1,0,24,4,80,0,42,9,0,755,29,3019,389,0,0,0,339,26,813,378,0,0,0,73,6,539,81,0,0,0,14,6,216,12,0,0,0,5337,108,1777,1384,596,0,131,3,32,31,0,0,0,3,0,1,0,1,0,5,107,12,2,1,1,53,3,2,1,2,2,12,3,0,60,64,0,2,0,3,6,0,5,0,0,0,6,0,2,1,0,0,0,0,0,0,18,19,16,16,0,0,0,0,1,0,30,23,2,0,0,16,26,0,0,0,0,9,15,1,0,0,0,0,0,0,0,0,37,13,36,6,0,0,0,9,1,0,0,0,1,1,0,29,1,0,378,0,11,18,2,43,4,12,20,21,0,0,0,0,0,0,0,0,0,0,0,0,0,0,0,0,0,0,0,0,0,0,0,0,0,0,0,0,0,0,0
com.mobilebizco.atworkseries.doctor,208,5861,714,0,348,106,0,2842,1851,0,16055,3082,35781,1400,11299,4096,837,8068,16686,5905,1967,572,794,143,112,76,0,0,771,210,438,4404,696,1753,10523,2175,3,0,114,2214,12043,1617,0,258,116,172,87,34,13,691,1173,2483,885,1526,241,500,9661,5912,521,426,202,809,0,0,0,0,0,0,538,93,1159,26,905,196,22,518,45,4075,18,347,85,7,6073,1043,22136,1575,48,68,22,3214,668,6685,1632,24,27,12,983,8,4848,160,0,9,0,48,4,2848,73,0,4,0,52119,1136,16834,14267,6254,0,915,27,472,143,0,0,0,111,0,16,0,22,1,613,547,47,207,7,13,219,1,25,43,4,9,114,64,29,210,366,13,41,11,25,13,2,20,3,0,26,111,3,28,12,2,4,10,3,31,18,15,140,17,42,3,2,15,0,5,0,1089,441,96,40,18,198,151,21,13,3,0,336,103,109,50,16,57,19,43,24,6,20,136,84,213,98,0,13,9,20,25,0,36,0,23,14,9,223,19,0,4336,0,374,176,73,343,44,76,167,95,47,0,0,0,0,0,0,0,0,0,0,0,0,0,0,0,0,0,0,0,0,0,0,0,0,0,0,0,0,0,0
com.appcenterweb.appcenterweb,0,0,0,0,0,0,0,6,0,0,22,0,83,3,19,5,0,7,27,4,12,7,1,0,0,0,39,0,1,0,0,3,0,0,26,5,0,0,0,0,19,4,0,0,0,0,0,0,0,0,1,9,0,1,0,0,20,2,0,0,0,0,0,0,0,0,0,0,0,0,0,0,0,0,0,0,0,5,0,0,0,0,0,0,70,1,0,0,0,0,0,14,3,0,0,0,0,0,3,0,0,0,0,0,0,1,0,0,0,0,146,4,34,28,5,0,0,0,0,0,0,0,0,0,0,0,0,0,0,1,0,0,0,0,0,0,0,0,0,0,0,0,0,0,0,0,0,0,0,0,0,0,0,0,0,0,0,0,0,0,0,0,0,0,0,0,0,0,0,0,0,0,0,0,0,0,0,0,0,0,0,0,0,0,0,0,0,0,0,0,0,0,0,0,0,0,0,0,0,0,0,0,0,0,0,0,0,0,0,0,0,0,0,0,0,0,0,0,0,0,0,0,0,0,0,0,0,0,0,0,0,0,0,0,0,0,0,0,0,0,0,0,0,0,0,0,0,0,0,0,0,0,0,0,0,0,0
com.whereismycar,307,6791,1076,0,281,226,0,3951,3231,0,19435,1707,33819,3823,14996,4669,349,7400,22363,4410,766,924,936,146,231,99,15339,0,601,827,1857,4973,801,829,10310,1608,1,0,200,3190,15467,1895,0,342,284,224,83,36,39,675,1332,2133,597,1606,190,340,14793,6456,404,303,174,775,0,0,0,0,0,0,709,97,540,23,489,13,1,503,56,1561,19,322,15,1,30059,1393,67515,2662,4,16,6,15039,872,9297,2412,6,13,3,1303,33,4702,196,0,0,0,211,24,2249,104,0,0,0,55898,1298,17476,21010,10007,0,637,20,709,272,0,0,0,131,0,10,0,59,7,461,654,62,152,22,39,300,5,144,50,16,47,333,23,7,224,487,45,17,5,25,11,2,18,1,2,83,143,19,20,13,10,9,7,10,3,34,50,100,60,66,7,13,19,31,20,0,1429,612,111,32,8,4642,1699,5334,20,6,4,239,152,111,59,16,95,70,24,68,1,9,233,97,342,153,4,47,18,84,57,4,33,0,22,8,4,553,24,0,2887,0,246,150,25,406,35,3003,314,80,266,0,0,0,0,0,0,0,0,0,0,0,0,0,0,0,0,0,0,0,0,0,0,0,0,0,0,0,0,0,0
com.titan.catsjigsaw,272,5578,761,0,132,109,0,3692,2633,0,15710,1534,34709,3704,12015,3120,262,7143,19139,4957,348,282,694,87,60,88,16035,0,394,680,1540,4878,968,858,9416,1464,0,0,148,3331,13782,2287,0,387,284,59,21,83,29,420,987,1311,386,1129,94,214,12366,4925,224,156,77,455,0,0,0,0,0,0,442,42,777,2,350,30,0,301,24,1952,1,311,10,0,26226,845,57897,1686,0,20,0,13539,493,7395,1498,2,19,0,638,14,3998,156,0,0,0,73,15,2070,62,0,0,0,52893,1012,14930,21739,9892,0,658,13,597,192,0,0,0,31,0,4,0,17,6,147,154,55,56,8,22,90,5,44,39,9,23,314,17,2,118,193,10,7,3,7,2,1,9,0,0,19,65,7,5,8,2,3,6,1,1,14,28,19,16,27,0,13,22,30,10,0,1183,219,35,12,3,4599,1627,5338,5,0,0,121,56,37,19,14,57,23,22,29,0,12,42,13,106,41,2,15,11,42,11,1,35,0,6,6,1,382,25,0,1946,0,208,73,11,192,56,2989,286,31,246,0,0,0,0,0,0,0,0,0,0,0,0,0,0,0,0,0,0,0,0,0,0,0,0,0,0,0,0,0,0
com.ddmap.android.privilege,286,5192,3227,0,117,181,0,3967,12518,0,28078,1472,74262,4542,20362,5475,435,13861,29026,13520,5234,1251,966,87,243,230,42284,0,1195,460,972,11068,926,1896,19805,3750,9,0,952,3448,18887,4568,0,416,108,447,204,107,86,402,1289,3301,1330,2370,470,910,18851,10359,600,558,483,1517,0,0,0,0,0,0,944,129,2168,40,542,300,7,1515,52,4977,33,1709,148,1,8905,826,54875,2774,33,9,11,5548,586,17310,4196,135,17,3,799,70,11067,539,10,25,0,580,79,3439,465,15,13,0,102909,1491,30356,31691,12148,0,2950,45,1066,1230,0,0,0,97,0,4,0,60,11,340,1253,140,141,17,52,457,2,211,73,7,82,324,160,10,558,699,75,48,17,46,45,7,49,15,0,11,98,9,21,14,16,1,4,3,17,11,85,359,141,183,8,14,62,82,104,0,1051,489,124,27,20,195,233,33,33,5,7,98,86,33,48,5,64,50,7,52,11,9,272,259,470,182,7,162,100,279,91,4,63,0,34,21,16,388,53,20,6810,0,452,305,110,1020,350,42,303,270,107,0,0,0,0,0,0,0,0,0,0,0,0,0,0,0,0,0,0,0,0,0,0,0,0,0,0,0,0,0,0
com.CoctailDressIdeas.myapp,105,996,100,0,12,27,0,787,663,0,3796,220,7779,804,2330,943,46,1879,4683,1894,38,69,127,17,18,7,3724,0,66,130,281,760,181,130,2133,327,0,0,9,919,2922,468,0,158,97,6,10,6,8,66,240,150,36,286,13,15,1857,664,12,13,24,43,0,0,0,0,0,0,12,2,85,1,269,0,0,10,0,510,0,265,0,0,23078,192,37215,186,0,0,5,11681,111,1430,180,0,0,1,30,5,973,4,0,0,0,1,4,664,9,0,0,0,11052,100,3071,6612,2173,0,106,2,129,67,0,0,0,0,0,0,0,0,0,3,21,2,13,1,1,12,1,10,2,4,1,265,2,2,8,14,1,0,1,1,0,0,0,0,0,0,3,4,0,0,0,0,0,1,1,4,4,2,1,2,7,0,1,0,0,0,122,14,1,1,0,4549,1509,5310,0,0,0,6,10,8,0,0,10,0,8,0,0,4,5,1,10,7,1,3,1,3,2,2,6,0,0,1,0,330,2,0,150,0,27,13,0,11,0,2975,195,1,193,0,0,0,0,0,0,0,0,0,0,0,0,0,0,0,0,0,0,0,0,0,0,0,0,0,0,0,0,0,0
com.cn.uestc.xu.ixumin,81,3602,438,0,39,40,0,930,1164,0,8045,216,7899,323,4949,2177,37,1709,6938,922,400,518,131,4,34,29,1878,0,127,62,145,1711,295,160,2423,430,0,0,105,389,5013,518,0,91,61,165,43,4,3,54,601,925,387,767,84,164,5523,2334,269,132,58,356,0,0,0,0,0,0,349,3,164,1,1,5,0,279,3,243,1,1,0,0,4054,116,12369,1200,0,35,0,1829,85,2408,988,0,24,0,951,4,850,115,0,0,0,15,2,503,43,0,0,0,18071,614,4803,3618,1808,0,308,18,102,96,0,0,0,115,0,0,0,54,5,54,432,4,13,12,0,218,1,89,28,0,39,9,0,0,138,361,15,8,4,13,5,1,8,0,0,7,19,0,2,0,1,3,1,4,0,8,41,79,31,48,0,13,16,30,11,0,723,497,21,4,2,56,97,11,6,0,0,18,12,3,0,0,22,13,4,13,0,1,175,71,210,81,4,25,14,52,5,0,0,0,5,1,0,44,4,0,1259,0,41,92,6,210,25,20,47,25,4,0,0,0,0,0,0,0,0,0,0,0,0,0,0,0,0,0,0,0,0,0,0,0,0,0,0,0,0,0,0
com.meihillman.photocollage,334,7980,1356,0,503,472,0,4438,4376,0,23382,2284,38498,3778,16793,5416,524,7871,26896,5078,902,1491,1404,164,324,217,18748,0,626,845,1865,5544,711,1148,13163,2836,1,0,330,3411,16962,2357,0,395,203,315,147,94,41,1061,1598,2766,703,2116,271,595,16930,7680,595,467,209,1169,0,0,0,0,0,0,1056,123,951,39,567,54,1,854,94,3456,28,362,26,0,33742,2179,76946,3110,5,19,33,16862,1244,11116,2767,8,17,6,2207,42,6569,535,0,4,7,372,26,2422,135,0,4,7,64746,1520,21229,20548,12053,0,1053,28,850,355,0,0,0,174,0,13,0,127,29,608,1581,189,215,34,48,572,8,332,108,25,138,354,30,20,276,672,56,26,14,32,124,2,23,2,4,86,177,18,31,13,9,11,1,10,3,18,77,246,181,167,3,59,54,85,45,2,1556,861,133,40,10,4681,1743,5336,19,6,4,284,241,100,70,15,86,64,14,65,2,8,461,344,775,418,5,107,52,170,127,1,39,0,20,10,22,631,26,0,3732,0,299,332,30,417,131,3004,370,106,291,0,0,0,0,0,0,0,0,0,0,0,0,0,0,0,0,0,0,0,0,0,0,0,0,0,0,0,0,0,0
com.walmart.android,1009,11070,7346,0,757,812,0,11278,18893,0,67705,6537,160568,11546,68649,17486,1588,40290,82137,21598,2739,2212,3893,366,724,401,0,0,4221,2548,5699,21369,2741,4823,48986,11413,12,0,3462,12282,53651,5169,0,1123,623,714,287,141,105,2809,4187,7624,2224,6372,885,1566,52618,25511,1384,1234,565,2774,0,0,0,0,0,0,2572,345,4075,100,822,465,25,2853,224,14003,53,684,299,10,43368,3816,158544,9069,47,140,46,22106,2196,40393,7791,21,64,27,9216,164,24028,611,0,9,0,393,113,11892,379,0,4,11,212439,4729,83461,80266,42227,0,4719,79,2887,1641,0,0,0,427,0,63,0,108,21,1316,2654,187,451,40,77,757,7,370,182,28,121,671,269,55,1980,1757,185,100,62,140,146,20,91,22,8,265,407,45,64,28,30,31,15,27,53,33,308,425,239,416,12,163,152,468,80,3,2714,1173,188,64,22,4897,1879,5435,47,7,3,696,367,159,66,37,203,56,67,69,16,35,537,332,778,310,8,121,48,211,87,7,120,0,44,41,36,907,134,3,12096,0,969,597,191,970,148,3107,734,456,339,0,0,0,0,0,0,0,0,0,0,0,0,0,0,0,0,0,0,0,0,0,0,0,0,0,0,0,0,0,0
com.disney.dedisneychannel_goo,255,2990,3014,0,183,451,0,2967,9742,0,17516,1725,37295,4299,15925,4859,403,8184,22309,6778,492,783,1239,114,157,125,20399,0,530,853,1953,5212,747,998,12270,2180,0,0,123,2992,14458,2075,0,294,205,194,68,54,28,687,1239,1914,733,1462,169,329,13567,6369,387,266,206,860,0,0,0,0,0,0,395,108,811,39,704,62,5,691,56,3477,30,595,31,0,50856,1420,98846,2515,18,37,0,25603,948,9266,2165,2,28,0,1306,19,6219,280,0,0,0,190,24,2494,174,0,0,0,53724,934,19901,19656,9485,0,2048,22,1070,827,0,0,0,55,0,6,0,20,1,332,518,34,131,30,37,271,7,66,32,21,21,603,31,2,435,525,55,15,8,37,32,3,18,0,0,92,185,42,40,12,7,9,0,7,2,12,66,104,72,106,2,23,16,38,29,0,811,314,82,20,7,9189,3147,10677,8,3,2,166,136,86,45,12,63,33,15,31,0,9,92,44,215,85,3,32,10,74,24,0,29,0,37,8,3,786,45,0,2558,0,183,142,20,347,34,5987,547,54,451,0,0,0,0,0,0,0,0,0,0,0,0,0,0,0,0,0,0,0,0,0,0,0,0,0,0,0,0,0,0
com.pic.mycamera,440,9311,937,0,333,180,0,5928,2474,0,31683,2891,69944,6854,27647,8203,618,13451,34269,6671,1904,1979,1764,293,232,205,36102,0,1712,1234,2654,8306,1129,1388,21530,3048,2,0,387,4224,23764,2857,0,514,191,542,303,71,47,1120,1711,3224,1105,2461,343,653,23504,11106,644,729,472,1591,0,0,0,0,0,0,1523,62,1187,11,252,91,5,1366,68,4049,13,229,32,5,13021,1521,58388,3631,2,31,1,7178,1051,16462,3870,3,22,2,3702,63,12093,1550,0,0,0,387,58,4793,547,0,0,0,97533,1878,35768,41174,16681,0,932,41,800,513,0,0,0,177,0,3,0,133,7,742,2346,299,171,81,23,617,18,287,166,6,142,154,30,20,332,747,111,36,27,37,16,1,25,1,2,53,249,18,28,6,7,11,1,8,2,24,81,360,137,198,1,15,26,42,28,0,1531,1070,180,78,34,139,193,23,14,1,1,243,339,136,48,11,78,19,10,21,4,9,562,368,1034,527,5,89,70,255,127,0,89,0,59,28,36,331,50,0,4384,0,385,418,74,368,47,30,155,180,85,0,0,0,0,0,0,0,0,0,0,0,0,0,0,0,0,0,0,0,0,0,0,0,0,0,0,0,0,0,0
com.abg.VRVideoPlayer,302,3958,3406,0,197,479,0,3268,10797,0,18952,1960,32830,3839,16164,5716,473,7905,23461,7043,734,842,1362,160,263,172,16754,0,294,1025,2322,4957,732,1506,11201,2368,2,0,654,3437,15038,1886,0,361,235,254,71,49,29,808,1337,2192,811,1873,178,454,14064,6557,384,301,173,909,0,0,0,0,0,0,821,338,876,29,727,49,9,736,200,1966,24,583,40,10,30845,1788,68376,2643,123,29,51,15699,1047,9774,2364,117,21,36,1614,24,4677,229,0,0,0,238,18,2665,115,0,0,0,50227,1119,18845,20873,9711,0,1496,21,1061,531,0,0,0,61,0,4,0,32,14,534,539,31,228,32,45,255,9,121,18,22,54,472,35,47,594,650,51,17,7,76,46,9,24,1,5,108,190,44,43,15,35,11,6,12,10,17,83,121,118,144,2,36,40,90,40,0,1437,348,60,17,10,4700,1761,5366,10,3,4,244,124,134,51,17,128,62,23,60,11,17,134,66,294,77,3,87,38,149,38,0,48,0,17,6,3,734,61,0,4093,0,438,193,39,595,94,3010,433,114,317,0,0,0,0,0,0,0,0,0,0,0,0,0,0,0,0,0,0,0,0,0,0,0,0,0,0,0,0,0,0
net.osmand.nauticalPlugin,117,1353,2179,0,27,94,0,868,3913,0,9829,280,9870,507,7613,3343,85,3002,9230,1582,275,747,173,5,100,59,2803,0,118,107,245,2118,324,224,3186,556,0,0,135,687,5744,517,0,137,78,270,77,11,9,80,685,1057,473,823,90,208,6301,2647,303,170,89,449,0,0,0,0,0,0,386,23,209,1,1,5,0,328,16,332,1,1,9,0,4755,131,15423,1346,0,36,0,2369,92,3209,1147,0,24,0,1034,2,1274,143,0,0,0,17,1,601,45,0,0,0,20710,676,6856,5952,2446,0,740,23,222,302,0,0,0,112,0,1,0,43,5,44,574,8,7,17,1,273,2,79,17,0,33,1,3,0,440,606,40,10,7,43,19,6,16,0,0,12,20,0,2,3,6,6,0,4,0,0,109,131,90,114,4,30,33,66,27,0,522,349,18,2,3,84,107,4,4,1,0,8,5,0,0,0,29,2,5,5,0,1,151,74,271,54,3,31,8,57,16,0,0,0,4,2,0,46,8,0,1411,0,43,109,1,238,41,27,59,26,7,0,0,0,0,0,0,0,0,0,0,0,0,0,0,0,0,0,0,0,0,0,0,0,0,0,0,0,0,0,0
tv.livesporthd.yallahshoot.biensport,381,4132,1827,0,124,96,0,3936,3923,0,16861,1160,32829,3485,14558,5101,309,9835,22031,5750,482,570,485,57,47,46,14735,0,294,538,1213,5131,765,876,9985,1645,0,0,70,3634,13153,1931,0,461,413,161,60,29,35,343,1010,1083,354,1358,90,159,10971,4400,252,140,132,546,0,0,0,0,0,0,239,14,519,1,279,5,0,291,11,3077,0,278,9,0,27320,1033,57911,1694,21,29,6,14217,568,8060,1478,5,21,3,717,5,4614,105,0,0,0,39,4,2049,26,0,0,0,51196,868,16227,22479,10618,0,812,15,627,279,0,0,0,40,0,2,0,19,0,97,379,14,57,10,13,189,1,46,14,10,16,290,5,2,322,339,15,8,4,27,17,2,18,0,0,6,26,7,3,6,4,4,0,1,8,9,50,81,63,73,8,0,6,3,1,0,943,156,16,2,1,4609,1596,5328,3,0,0,38,30,14,2,12,24,10,31,10,0,23,101,43,160,63,3,17,6,16,12,4,44,0,11,3,3,384,23,0,1457,0,277,112,5,200,39,2998,263,20,221,0,0,0,0,0,0,0,0,0,0,0,0,0,0,0,0,0,0,0,0,0,0,0,0,0,0,0,0,0,0
com.hennamehndiart.designseleganteid.weddingpartynewfree,258,3940,572,0,95,80,0,2870,2198,0,13318,825,23446,1742,8903,3547,190,6508,15062,3670,239,308,428,58,31,39,9613,0,207,417,954,3129,560,417,7022,1376,0,0,47,1897,9717,920,0,405,294,92,30,25,20,250,1032,875,249,1167,68,143,7107,3200,190,105,85,367,0,0,0,0,0,0,199,9,350,3,277,9,0,203,3,2185,2,276,1,0,26271,744,49834,1428,35,16,5,13412,403,5330,1251,10,15,1,560,9,3193,126,0,0,0,47,6,1871,28,0,0,0,30038,565,11186,18384,6399,0,405,9,481,166,0,0,0,40,0,0,0,9,0,77,241,19,42,6,11,139,1,16,3,4,5,296,3,2,99,228,9,4,3,10,3,1,10,0,0,5,38,7,0,3,1,3,0,1,1,13,12,30,10,29,7,0,1,0,0,0,743,233,26,11,1,4606,1585,5328,6,0,0,35,35,18,3,12,24,10,16,9,0,11,69,30,88,46,1,5,7,8,7,2,16,0,3,4,2,365,20,0,1001,0,138,72,3,138,22,2990,284,28,218,0,0,0,0,0,0,0,0,0,0,0,0,0,0,0,0,0,0,0,0,0,0,0,0,0,0,0,0,0,0
com.apusapps.launcher,1247,15870,2098,0,426,373,0,9478,7956,0,49222,3964,83474,9346,36210,9090,594,14476,55991,14887,7369,4086,3841,429,328,273,0,0,2455,1622,3468,13820,1999,1816,28792,5745,16,0,1630,5174,35157,6555,0,1045,367,950,474,94,69,2085,3039,5903,1656,4136,579,1130,39342,17410,1401,1219,827,3235,0,0,0,0,0,0,1890,256,1767,52,471,167,4,2127,100,6469,52,413,170,3,45185,2701,138578,6023,20,226,1,24217,2005,27468,6522,19,121,2,3954,131,13567,422,0,3,0,455,138,5027,350,0,4,0,139165,4126,46516,54900,21614,0,1555,122,1295,697,0,0,0,417,0,9,0,157,9,862,4255,230,283,121,31,1434,50,366,174,22,168,425,20,32,661,1280,159,77,47,53,28,1,31,5,2,59,335,30,34,9,9,11,1,11,2,31,125,572,167,258,0,34,48,67,44,0,2906,1795,362,109,41,4887,1789,5350,18,4,0,386,372,245,127,42,97,58,11,56,15,10,1047,713,1770,845,18,135,71,304,134,2,89,0,76,28,12,664,72,1,7399,0,579,1154,89,535,143,3023,421,172,299,0,0,0,0,0,0,0,0,0,0,0,0,0,0,0,0,0,0,0,0,0,0,0,0,0,0,0,0,0,0
com.voilaweb.mobile.wasgyf,26,156,374,0,1,5,0,221,680,0,1767,59,3447,208,1008,372,15,428,1836,437,217,125,36,3,1,0,1625,0,74,47,99,594,51,82,1084,123,0,0,6,177,1081,164,0,35,10,40,16,0,0,16,129,221,49,178,14,31,1363,470,60,39,14,92,0,0,0,0,0,0,29,0,61,2,0,1,0,25,0,239,6,0,2,0,717,36,2745,301,0,8,0,333,28,637,260,0,3,0,45,1,806,69,0,0,0,11,1,279,7,0,0,0,5340,96,1640,1295,692,0,180,3,75,42,0,0,0,3,0,0,0,1,0,17,144,0,3,1,0,71,0,4,2,0,2,1,3,0,47,51,4,1,1,3,4,0,2,0,0,1,4,3,2,0,0,0,0,0,0,0,16,13,14,28,0,0,0,0,0,0,39,22,1,0,0,9,9,0,0,0,0,9,7,0,0,0,0,0,0,0,0,0,39,26,45,11,0,0,0,1,0,0,0,0,2,0,0,6,0,0,292,0,10,30,0,15,2,7,1,2,0,0,0,0,0,0,0,0,0,0,0,0,0,0,0,0,0,0,0,0,0,0,0,0,0,0,0,0,0,0,0
com.zeenews.bengalinews,357,4483,3216,0,135,296,0,5146,8229,0,25332,1507,53215,4772,22531,7613,405,13595,29454,8321,1488,1062,895,122,171,140,26700,0,1013,956,2091,7701,1365,2079,17394,3176,1,0,284,4776,19799,2031,0,413,276,322,103,62,38,483,1580,2403,852,2370,268,580,18588,9358,557,420,226,1076,0,0,0,0,0,0,664,95,1291,75,342,157,26,645,37,5009,16,319,73,8,30765,1059,74952,2851,19,83,19,15474,672,12397,2479,13,42,13,1641,26,7868,241,1,1,1,148,22,3434,168,0,0,0,73129,1690,29029,29067,15539,0,1822,32,1179,676,0,0,0,142,0,3,0,62,5,302,774,97,136,24,33,342,6,125,69,9,41,332,31,24,737,787,50,21,16,49,26,6,39,9,0,25,105,22,33,7,8,11,1,16,16,21,120,168,110,138,4,36,42,70,37,0,1439,501,81,23,5,4689,1675,5354,7,2,0,94,82,40,30,13,93,32,29,32,0,14,225,106,330,109,3,56,27,98,43,0,37,0,17,7,3,430,31,0,3899,0,369,208,32,327,48,3020,333,67,244,0,0,0,0,0,0,0,0,0,0,0,0,0,0,0,0,0,0,0,0,0,0,0,0,0,0,0,0,0,0
love.you.keyboard.theme,7,158,4,0,3,0,0,207,5,0,404,43,1021,188,318,142,10,184,569,75,16,12,33,5,2,1,428,0,14,33,80,66,6,53,292,51,0,0,17,70,443,43,0,8,2,1,3,0,0,15,23,42,11,45,6,11,392,194,22,4,11,18,0,0,0,0,0,0,8,0,56,0,2,2,0,8,0,59,0,0,0,0,95,7,571,36,0,0,0,52,7,229,42,0,0,0,58,1,148,33,0,8,0,21,2,104,12,0,0,0,1401,25,468,547,119,0,27,0,7,0,0,0,0,0,0,0,0,0,0,10,10,0,0,0,1,5,0,0,2,1,0,0,0,0,3,3,0,0,0,0,0,0,0,0,0,0,1,0,0,0,0,0,0,0,0,0,0,1,0,0,0,0,0,0,0,0,17,10,0,0,0,0,0,3,0,0,0,3,4,1,2,0,0,0,0,0,0,0,0,2,5,0,0,1,0,2,0,0,0,0,1,0,0,1,0,0,90,0,6,3,2,1,0,4,31,5,1,0,0,0,0,0,0,0,0,0,0,0,0,0,0,0,0,0,0,0,0,0,0,0,0,0,0,0,0,0,0
com.kiragames.unblockmefree,411,4064,2249,0,210,222,0,4139,5959,0,19040,1441,44328,4353,18145,5492,348,10778,23510,6625,391,649,766,96,122,141,0,0,533,890,1960,6005,856,1221,13441,2141,1,0,116,3647,15082,2070,0,385,262,165,56,45,39,407,1128,1384,511,1748,134,277,13773,6068,319,222,134,684,0,0,0,0,0,0,320,31,898,4,376,21,2,617,20,4214,2,352,15,1,28144,1158,65034,2406,5,38,0,14353,753,9872,2087,5,28,0,1304,21,7138,279,0,7,0,96,11,2692,218,0,6,0,62049,935,21739,23334,13769,0,1203,15,873,346,0,0,0,51,0,4,0,19,2,168,459,134,113,15,30,241,3,55,77,7,25,326,42,4,548,440,22,13,4,27,33,2,17,0,0,21,78,15,14,7,6,4,1,1,8,13,63,103,70,96,2,8,7,37,37,0,920,279,43,9,3,4631,1621,5335,3,0,0,65,65,31,13,15,47,17,44,17,4,39,109,55,191,72,2,33,36,56,33,0,36,0,16,9,3,424,26,0,2264,0,418,195,11,241,34,3002,343,69,256,0,0,0,0,0,0,0,0,0,0,0,0,0,0,0,0,0,0,0,0,0,0,0,0,0,0,0,0,0,0
com.jm.lotuslauncher,6,135,234,0,5,10,0,179,328,0,667,96,2609,301,738,144,10,281,885,663,24,51,54,8,2,3,1856,0,44,134,296,463,45,65,778,60,2,0,5,213,559,137,0,9,0,7,8,5,2,29,34,64,51,41,8,9,562,302,15,22,10,44,0,0,0,0,0,0,9,0,64,5,290,28,0,9,0,78,4,285,20,0,22431,20,34664,92,0,0,0,11156,22,435,130,0,0,0,24,13,368,4,0,0,0,8,15,156,8,0,0,0,3071,41,1156,1006,567,0,125,1,56,62,0,0,0,0,0,0,0,0,0,12,50,14,4,3,0,33,3,1,0,2,2,282,2,0,13,15,0,1,2,1,2,0,1,0,0,2,5,0,2,0,0,0,0,0,0,0,24,14,13,10,0,0,0,0,1,0,20,3,0,1,0,4551,1524,5310,2,0,0,8,18,3,0,0,1,0,0,0,0,1,6,3,13,11,0,0,0,8,1,0,1,0,1,2,1,330,2,0,142,0,5,6,1,16,3,2975,215,12,222,0,0,0,0,0,0,0,0,0,0,0,0,0,0,0,0,0,0,0,0,0,0,0,0,0,0,0,0,0,0
com.fonelay.screenrecord,0,6,0,0,0,0,0,0,0,0,16,0,78,16,16,2,0,3,32,4,0,0,1,0,0,0,37,0,4,2,4,1,0,1,23,11,0,0,0,2,22,4,0,0,0,0,0,0,0,0,1,1,2,2,0,0,19,6,0,0,0,1,0,0,0,0,0,0,0,0,1,0,2,0,0,0,0,6,0,0,0,0,0,0,2,0,0,0,0,0,0,3,0,0,0,0,2,0,29,2,0,0,0,0,0,8,1,0,0,0,110,2,31,29,0,0,0,0,0,0,0,0,0,0,0,0,0,0,0,0,0,0,0,0,0,0,0,0,0,0,0,0,0,0,0,0,0,0,0,0,0,0,0,0,0,0,0,0,0,0,0,0,0,0,0,0,0,0,0,0,0,0,0,0,0,0,0,0,0,0,0,0,0,0,0,0,0,0,0,0,0,0,0,0,0,0,0,0,0,0,0,0,0,0,0,0,0,0,0,0,0,0,0,0,0,0,2,0,0,0,0,0,0,0,0,0,0,0,0,0,0,0,0,0,0,0,0,0,0,0,0,0,0,0,0,0,0,0,0,0,0,0,0,0,0,0,0
com.godittor.dittor,775,4422,2382,0,207,224,0,4233,6674,0,27278,2602,61630,6287,22499,6940,582,13912,30591,9280,1650,997,1478,182,231,160,32510,0,1492,1388,2871,8196,1082,1444,22904,3072,12,0,604,7558,19519,2941,0,514,149,292,169,127,104,868,1277,3093,851,2167,296,624,19568,9999,469,601,389,1420,0,0,0,0,0,0,732,125,1328,28,535,175,29,686,59,5278,27,533,113,7,8234,1689,46690,2294,1024,60,121,5222,1120,15077,2555,197,25,78,1243,115,10444,536,0,0,0,396,171,3767,281,0,0,0,89309,1084,34123,30270,15381,0,1842,23,924,658,0,0,0,120,0,9,0,33,2,624,758,182,324,54,21,377,2,142,132,17,48,372,36,34,445,571,93,44,18,60,34,3,27,2,4,39,168,13,26,6,9,4,1,4,59,31,65,153,94,152,7,23,57,35,43,0,862,470,101,32,9,171,190,40,23,2,1,177,219,37,49,9,157,80,12,90,56,11,135,139,255,141,4,103,50,161,91,4,54,0,52,43,10,353,50,0,4375,0,424,223,54,386,84,27,225,210,133,0,0,0,0,0,0,0,0,0,0,0,0,0,0,0,0,0,0,0,0,0,0,0,0,0,0,0,0,0,0
com.google.vr.cardboard.apps.designlab,10,223,187,0,15,48,0,193,413,0,1018,219,1460,202,854,357,20,244,1442,336,100,119,67,11,41,59,571,0,12,63,135,237,43,144,625,135,2,0,7,182,769,74,0,16,2,42,16,19,10,22,57,126,21,142,12,24,576,334,19,36,5,51,0,0,0,0,0,0,167,227,74,0,3,0,1,84,135,66,0,11,0,8,619,105,2120,155,0,0,0,304,40,491,166,0,0,0,25,1,166,39,0,0,0,17,1,52,13,0,0,0,2628,69,1016,1139,236,0,82,0,39,63,0,0,0,1,0,1,0,18,11,14,60,12,16,1,5,11,0,51,0,0,41,22,2,12,25,11,1,1,0,0,0,0,2,0,0,0,9,0,0,0,0,0,0,1,8,1,30,31,55,47,1,21,28,64,21,0,73,16,3,0,0,4,15,6,0,0,0,1,3,0,0,0,19,8,2,8,0,1,19,30,48,34,0,54,27,85,17,0,5,0,3,1,0,26,22,0,251,0,40,12,5,71,21,3,12,4,18,0,0,0,0,0,0,0,0,0,0,0,0,0,0,0,0,0,0,0,0,0,0,0,0,0,0,0,0,0,0
com.hkmytravel.hkmytravel,191,2277,1878,0,76,136,0,2173,3515,0,11265,680,20923,2337,10530,3670,167,5856,13322,3633,277,583,446,67,61,44,9859,0,216,556,1272,3449,538,784,6718,1053,0,0,79,1995,8908,930,0,211,174,171,52,21,19,257,635,942,438,1047,85,188,8264,3731,261,149,109,492,0,0,0,0,0,0,272,15,529,3,279,9,0,297,10,1678,2,277,10,0,26292,515,53196,1555,0,35,0,13153,307,5408,1330,0,26,0,905,7,3108,161,0,0,0,53,4,1598,50,0,0,0,32352,699,11531,12697,6347,0,678,13,430,249,0,0,0,47,0,2,0,18,1,91,398,22,48,17,14,217,3,47,9,4,19,295,6,2,331,402,19,8,4,29,18,3,17,0,0,15,51,7,2,6,4,4,0,1,8,10,57,86,66,84,2,13,5,15,6,0,747,212,29,9,1,4622,1605,5330,3,0,0,42,40,20,3,12,50,17,13,17,0,11,82,42,186,49,2,13,7,19,15,0,27,0,5,4,2,403,25,0,1474,0,179,109,4,198,30,3002,307,36,223,0,0,0,0,0,0,0,0,0,0,0,0,0,0,0,0,0,0,0,0,0,0,0,0,0,0,0,0,0,0
com.appbuilder.u26152p44563,62,1270,478,0,7,5,0,1251,1762,0,3167,225,10400,821,2265,724,62,1676,4385,9491,448,71,127,10,46,18,7848,0,51,106,230,823,96,169,2877,5830,6,0,2932,502,2653,499,0,48,53,12,3,5,2,49,192,351,55,343,38,67,2065,991,31,29,12,168,0,0,0,0,0,0,1535,5,725,0,151,6,6,755,3,11765,0,80,2,6,1101,165,6098,263,4,3,23,680,82,1759,251,2,7,14,171,2,1339,18,5,7,1,35,2,447,12,2,6,1,11300,175,4333,4543,1542,0,529,2,222,164,0,0,0,14,0,0,0,75,0,13,87,13,35,0,1,17,4,10,7,2,46,45,21,18,203,87,10,6,1,3,4,0,1,0,1,2,18,2,5,0,0,0,0,0,0,3,125,119,77,8,0,0,0,6,33,0,91,93,12,4,0,54,54,2,2,0,1,7,10,2,5,0,0,0,19,0,0,16,442,174,537,5,0,1,7,39,5,0,74,0,3,2,0,83,0,0,997,0,185,61,26,85,2,0,104,22,70,0,0,0,0,0,0,0,0,0,0,0,0,0,0,0,0,0,0,0,0,0,0,0,0,0,0,0,0,0,0
com.giannz.videodownloader,310,7707,1222,0,355,272,0,4258,4224,0,22926,2046,38947,3837,15721,5316,439,8229,24243,6531,1538,800,1445,170,142,115,17433,0,520,934,2096,5460,879,1238,12260,2167,0,0,478,3406,17330,2166,0,324,282,201,62,17,12,1044,1564,2511,764,2050,269,489,17071,8104,493,370,160,924,0,0,0,0,0,0,738,119,814,25,568,85,2,590,76,3104,22,382,15,2,31252,1694,74892,3209,22,20,1,15547,1009,11175,2861,7,17,2,1642,29,5272,169,0,2,0,172,24,3061,101,0,2,0,61229,1665,20302,20594,11110,0,903,21,820,360,0,0,0,138,0,3,0,57,7,571,621,21,213,27,37,247,6,114,39,23,35,353,22,16,313,576,33,25,6,30,17,2,20,2,4,57,155,17,28,15,4,5,7,6,4,16,43,72,32,68,0,13,17,30,15,0,2117,776,116,40,10,4674,1768,5337,20,3,4,303,205,139,71,17,100,66,24,66,2,15,198,81,267,141,3,39,17,80,27,0,66,0,16,5,3,595,51,0,3868,0,459,158,31,467,49,3007,367,105,247,0,0,0,0,0,0,0,0,0,0,0,0,0,0,0,0,0,0,0,0,0,0,0,0,0,0,0,0,0,0
ua.novaposhtaa,430,11891,1977,0,1147,70,0,10266,3683,0,36743,4448,74966,3986,24630,7595,640,13580,33364,8359,4535,1803,2025,138,192,171,30819,0,2894,777,1684,14331,1479,1547,20028,4325,9,0,979,6452,24226,4851,0,517,351,591,263,70,70,1301,2416,3691,1121,2842,492,698,25092,12913,727,667,301,1309,0,0,0,0,0,0,1428,29,1428,29,301,121,3,1395,40,4998,23,146,34,2,12517,6308,58958,3600,26,17,22,6793,1404,15800,3119,28,16,7,2538,28,9105,445,0,6,0,183,30,3336,191,0,1,0,110593,2147,33229,35719,24459,0,1103,44,877,2703,0,0,0,189,0,4,0,117,7,706,2308,86,222,78,21,644,4,237,74,10,112,118,144,19,474,892,79,62,29,38,25,3,55,11,4,15,123,2,10,2,1,5,1,6,17,59,135,411,109,160,8,17,29,35,33,0,2696,1080,206,34,23,209,222,69,37,3,2,352,215,37,30,3,65,24,75,33,3,14,739,476,840,533,5,89,56,151,60,4,128,0,21,15,21,240,50,3,5508,0,774,480,117,460,103,34,186,110,57,0,0,0,0,0,0,0,0,0,0,0,0,0,0,0,0,0,0,0,0,0,0,0,0,0,0,0,0,0,0
com.Premeolpo.book.AOUXIFYERCOPUKIR,22,237,1,0,0,0,0,99,22,0,782,46,1870,148,591,189,9,370,915,409,77,39,114,13,38,27,911,0,142,50,116,247,88,49,700,84,0,0,13,182,697,157,0,42,17,3,5,4,2,92,40,136,18,61,7,39,588,267,11,8,12,26,0,0,0,0,0,0,41,4,63,1,39,8,0,82,3,161,3,34,0,0,331,12,1206,83,0,71,15,272,10,415,97,0,15,6,0,3,313,5,0,0,0,0,4,143,6,0,0,0,2296,30,1327,721,508,0,14,1,15,4,0,0,0,0,0,0,0,2,0,2,15,0,3,0,0,9,4,3,0,2,1,4,1,6,3,7,0,0,4,0,0,0,2,0,0,0,2,0,0,0,9,0,0,2,0,2,0,4,3,3,0,0,0,0,0,0,20,21,3,0,2,4,7,3,0,0,0,1,6,1,0,0,75,0,2,13,0,0,4,2,9,0,0,0,0,2,0,0,7,0,0,0,3,21,0,0,235,0,6,6,2,30,0,0,12,19,3,0,0,0,0,0,0,0,0,0,0,0,0,0,0,0,0,0,0,0,0,0,0,0,0,0,0,0,0,0,0
com.jktech.mp3tube,174,2129,1125,0,91,39,0,1758,2307,0,9581,592,19733,2204,8783,2892,160,5359,12331,3071,314,457,421,46,31,24,8176,0,241,349,744,2863,502,369,6009,804,0,0,53,2360,7277,1084,0,228,130,85,36,11,21,306,625,800,373,600,88,128,6827,2867,168,139,78,321,0,0,0,0,0,0,79,10,259,1,313,49,0,123,8,1110,0,295,18,0,25521,481,50261,1092,5,12,6,13051,296,4787,1103,2,11,3,350,12,2743,162,0,1,0,106,9,1089,69,0,1,0,31961,674,9618,11587,5858,0,584,11,323,196,0,0,0,21,0,2,0,36,0,171,361,2,75,10,6,110,1,11,4,8,2,322,9,8,177,248,15,8,5,16,13,1,21,0,2,12,35,2,4,1,4,6,0,1,9,13,48,67,64,96,3,0,3,0,1,0,292,168,7,2,0,4626,1597,5311,3,0,0,54,79,4,11,0,41,18,9,22,1,3,90,49,142,59,2,9,1,8,8,4,19,0,2,4,1,412,4,0,1080,0,75,75,8,193,25,2991,244,41,207,0,0,0,0,0,0,0,0,0,0,0,0,0,0,0,0,0,0,0,0,0,0,0,0,0,0,0,0,0,0
com.appfry.tumbload,258,4390,654,0,101,91,0,2567,2493,0,14765,882,26294,2565,12774,4196,185,6781,15751,3779,736,734,504,43,80,50,11664,0,334,624,1401,4335,586,691,8307,1284,0,0,113,2510,11050,1372,0,254,200,258,95,13,13,295,798,1276,638,1072,119,286,10986,4863,324,243,168,605,0,0,0,0,0,0,410,36,433,4,366,47,1,465,21,1988,5,344,21,2,27763,532,59853,1981,0,29,0,14056,356,7374,1856,0,21,0,1114,12,3446,182,0,0,0,57,10,1435,90,0,0,0,42059,1058,14556,14597,7966,0,465,7,421,161,0,0,0,72,0,2,0,26,3,147,734,28,61,22,16,262,6,67,24,3,30,328,13,2,162,351,23,24,10,17,6,1,20,1,0,20,60,6,8,7,2,3,6,1,1,12,30,118,39,71,3,0,0,1,4,0,998,475,71,34,7,4649,1640,5335,11,0,0,108,57,41,12,15,51,20,15,19,0,7,217,109,332,143,5,23,10,37,36,0,15,0,10,8,5,459,27,0,1976,0,174,221,5,231,26,2999,297,75,223,0,0,0,0,0,0,0,0,0,0,0,0,0,0,0,0,0,0,0,0,0,0,0,0,0,0,0,0,0,0
